time,ais_id,N,E,mmsi
13.76374101638794,18,-239.907609221899,-9.316927221918071,219026300
27.137603044509888,18,-96.77765132386278,112.0806643741286,219026304
36.785264015197754,18,-1105.0461953199692,-152.10153777120374,219032845
42.09235405921936,3,-10.137422381295956,21.39214844175311,219384000
52.38641309738159,3,2033.1675993126196,181.7473329127556,219011021
53.90011191368103,18,-25.422305838117126,206.06422433235704,219026304
58.47619414329529,18,300.3284146457948,-7.936384455409176,219006006
61.067315101623535,1,1679.676188856557,1617.431874726508,219025528
66.93470907211304,18,-229.71444666650507,-19.57360923504039,219026300
75.90875005722046,3,2034.8665932599743,184.9245901470065,219011021
78.4474229812622,1,2046.7581715667648,174.13318964720818,219019518
79.22601819038391,3,2034.8666008909986,185.10443890502418,219011021
80.82161211967468,18,39.98906535343673,299.86518763313643,219026304
82.14108109474182,3,2034.866605982687,185.22433807701725,219011021
84.97031497955322,3,2034.8666187258418,185.5240860073112,219011021
88.70960903167725,3,2046.3334780502682,174.67275146703992,219019518
91.24602103233337,3,2033.5924887797025,185.88383785181998,219011021
94.35685801506042,3,2033.59250668889,186.30348507657473,219011021
94.79457116127014,18,-239.90760161676627,-12.375951286268396,219026300
97.53745794296265,1,2045.4840214937967,174.0133416615439,219019518
102.84581208229065,3,1680.5266423393766,1620.189464624236,219025528
108.41829299926758,18,74.39830223108616,393.1863233993664,219026304
116.05775690078735,1,1680.5269542747005,1621.0288270188667,219025528
116.60025095939636,1,2044.2099652916195,176.2315224500794,219019518
121.20537495613098,18,-266.6645139275844,-24.192329864473354,219026300
131.22016596794128,3,2033.167931117383,189.54078213414977,219011021
134.22635912895203,3,2033.1679363312414,189.6606813531602,219011021
136.3829698562622,18,86.294607425688,438.46741778798605,219026304
139.72697806358337,3,1680.5273332707632,1622.0480527841864,219025528
142.10243105888367,18,42.105192690336935,158.07944515085381,219006006
150.28375601768494,18,-340.9893371762766,-33.96984935228289,219026300
155.29848098754883,3,2033.5925787318852,187.9820739761416,219011021
158.67312598228455,3,1680.5274893970436,1622.4677339816014,219025528
162.38188123703003,1,2033.592545202927,187.20272912995864,219011021
162.557373046875,1,2046.3334278006946,173.41381347186464,219019518
163.73253297805786,18,84.59618195334055,442.72591311653173,219026304
164.93259406089783,3,1680.5275786300692,1622.7075518084396,219025528
167.8076949119568,3,1680.5275786300692,1622.7075518084396,219025528
170.94595003128052,1,1680.5276232518488,1622.8274607221506,219025528
177.83747100830078,18,-413.6152813958726,-43.20783564664109,219026300
182.64756417274475,3,1680.103064607178,1623.247300042885,219025528
185.6539270877838,3,2033.1678352626336,187.3226465867899,219011021
188.43990802764893,1,2047.18292026082,174.97246451579272,219019518
190.6718029975891,18,85.87048826887138,444.3451461982021,219026304
192.09086394309998,3,2033.1678455710107,187.56244502436607,219011021
194.52551102638245,3,1680.1031315630573,1623.427163430767,219025528
197.41161918640137,1,1680.1031762043917,1623.5470723559724,219025528
197.80761289596558,3,2033.1678455710107,187.56244502436607,219011021
198.132061958313,3,64.1882009285952,80.94863034924984,219384000
198.7170660495758,1,2048.0323048963783,173.83339172800711,219019518
201.18089509010315,3,1680.1031762043917,1623.5470723559724,219025528
204.28886890411377,18,-483.6929396822324,-50.52660393197006,219026300
207.0921950340271,1,1680.1032878221317,1623.846844668889,219025528
207.14876198768616,3,2033.1678455710107,187.56244502436607,219011021
207.60251808166504,3,67.58600717924864,85.9266281247978,219384000
210.16863489151,3,2033.5925555045908,187.4425275441269,219011021
216.53240203857422,3,68.43555089236202,91.62439074476673,219384000
218.17600107192993,18,85.44584774703783,445.0649061484268,219026304
218.2187101840973,3,1680.1033771308548,1624.0866625190745,219025528
222.54480504989624,3,68.43562403519513,95.0430583553464,219384000
225.94750690460205,1,1680.1033994603558,1624.1466169818614,219025528
226.5508041381836,3,68.86037748865684,96.84234766965932,219384000
228.33879709243774,3,1680.1033994603558,1624.1466169818614,219025528
228.97000193595886,3,68.86040563085555,98.10185666673556,219384000
229.51248002052307,18,747.1564757968973,500.9468777231999,219026306
230.9791829586029,3,1680.1033994603558,1624.1466169818614,219025528
231.5642671585083,3,68.86043140620188,99.24141242606466,219384000
231.83001613616943,18,-557.1683227845673,-55.02634672198854,219026300
234.47119903564453,1,1680.1034441217992,1624.2665259070213,219025528
235.30481481552124,1,69.28518659215499,101.04070115608555,219384000
237.76924014091492,3,1680.1034441217992,1624.2665259070213,219025528
237.8696231842041,3,70.13464089912928,102.18023690799922,219384000
240.77578496932983,3,1680.1034441217992,1624.2665259070213,219025528
241.2436180114746,3,70.55938446526693,103.43973546648368,219384000
242.82606601715088,1,1680.1034441217992,1624.2665259070213,219025528
243.77906322479248,1,71.40883940022044,104.57927041833794,219384000
246.9173300266266,3,71.83358948800876,106.07867468736723,219384000
250.26058292388916,3,1680.1033994603558,1624.1466169818614,219025528
250.39169001579285,3,73.10777526256729,107.87794051966927,219384000
253.12206506729126,3,73.95722836421758,108.89752084412498,219384000
255.3210790157318,3,1680.1033994603558,1624.1466169818614,219025528
256.1570608615875,3,75.23139106088938,109.73716047591965,219384000
259.11763405799866,3,76.93027541962593,110.87667139138352,219384000
261.4786949157715,1,1680.1033994603558,1624.1466169818614,219025528
262.60738015174866,3,78.20444157663457,111.83626285409743,219384000
265.14467000961304,3,1680.1033771308548,1624.0866625190745,219025528
265.6425459384918,3,79.4786048474825,112.67590080993446,219384000
267.4466371536255,3,1680.1033771308548,1624.0866625190745,219025528
268.73737716674805,3,80.75276048870279,113.21565599835553,219384000
270.9969410896301,1,1680.1033771308548,1624.0866625190745,219025528
271.5258870124817,3,82.02691619847245,113.75541087167215,219384000
274.412406206131,3,83.3010656992742,114.0552597478216,219384000
274.8229880332947,3,1680.1033324749183,1623.966753593973,219025528
274.9989709854126,18,85.44577437834441,444.34518945957626,219026304
277.66919708251953,3,85.84935218580438,114.1751458923956,219384000
280.93866205215454,1,1680.5280026677797,1623.8466864868144,219025528
281.5551218986511,3,87.97292321938534,114.23506666842002,219384000
282.4065179824829,3,1680.5279580183815,1623.726777573264,219025528
284.0767619609833,3,90.0965021275818,114.5948690205388,219384000
286.75924611091614,3,91.79536559755309,114.89470591077361,219384000
286.78819704055786,3,1680.5279356944645,1623.6668231165213,219025528
289.47356700897217,1,1680.5278910501559,1623.5469142031552,219025528
290.30768489837646,3,94.76837078415511,115.19450892148302,219384000
292.04093289375305,3,1680.5278910501559,1623.5469142031552,219025528
292.6983859539032,3,96.04251881921681,115.43438025641397,219384000
295.9995698928833,3,99.44023796182796,115.7341713391252,219384000
297.83298993110657,1,1680.527801771072,1623.3070963760206,219025528
298.7853970527649,3,101.56380905979455,115.79409116916891,219384000
301.8368730545044,3,104.11210204244719,116.15388033236263,219384000
304.9171600341797,3,107.50982127491375,116.4536702999632,219384000
308.1261830329895,3,110.482826635966,116.75347116751736,219384000
311.23371505737305,3,114.30526307043817,117.17320082184318,219384000
314.62161207199097,3,117.27826851212146,117.47300073157518,219384000
314.82626700401306,18,-758.9073590405299,-40.45180708767718,219026300
317.6123299598694,3,121.10070829748472,118.01268090248104,219384000
320.4139940738678,3,126.62202018052506,119.15207220546264,219384000
320.58954906463623,3,2041.2372487592784,183.24573395058792,219011021
323.55142617225647,3,130.4444684645161,119.99162860953979,219384000
326.5305759906769,3,133.41748410654606,120.65127987667745,219384000
329.8281810283661,3,138.0893572274774,121.37085866762474,219384000
332.87847208976746,3,141.0623664079823,121.7906053333518,219384000
336.55924701690674,3,145.3095241562559,122.45021800266613,219384000
338.7755079269409,3,148.70725924867443,123.2897799226469,219384000
341.6915919780731,3,152.52971699566325,124.42920579199495,219384000
345.0636320114136,1,2042.935790991845,175.51218025668058,219019518
345.2989389896393,1,157.20160984913704,125.80850683044761,219384000
348.1874670982361,3,161.02405784409075,126.58807616295232,219384000
350.7094621658325,3,2041.2372891744826,184.20492592536303,219011021
353.7901508808136,1,168.6689455196437,127.84733449497429,219384000
363.12974405288696,1,182.68456247784724,129.76612545393274,219384000
363.5699441432953,1,2042.0863439336613,175.09256804759207,219019518
371.89983797073364,18,-279.83035366748834,55.342950597315514,219017717
372.60380601882935,1,199.673212851296,132.82433591788666,219384000
378.69165301322937,3,2038.6891546415077,187.861955142539,219011021
380.99339604377747,1,1679.6776360294375,1621.3289151765575,219025528
381.5347411632538,1,214.9629893990156,135.22285476477555,219384000
382.3863959312439,3,2038.6891779202433,188.4015009437218,219011021
387.6368000507355,3,2040.388064231527,189.00092262561034,219011021
391.55044889450073,1,234.92463090136746,137.92108107858817,219384000
393.96917605400085,3,2040.3881006910797,189.84021576695218,219011021
399.23345494270325,1,1679.2528097390127,1621.0293007416408,219025528
400.05691599845886,1,2042.0864140913575,176.83110316334603,219019518
400.30601811408997,1,255.31097321018905,140.13947655553534,219384000
407.83015990257263,1,1679.2526983153089,1620.7295283704145,219025528
408.7851998806,1,273.14908832788717,144.03720113887283,219384000
417.4185380935669,1,1678.8278275114003,1620.3100048878573,219025528
418.12349009513855,1,293.96021775789325,148.29463415503875,219384000
418.56278109550476,1,2043.3605229991983,175.9318094423266,219019518
425.59992718696594,18,633.3752642294802,786.8914632541923,219005574
427.6086950302124,1,315.6207716631168,152.31210392692495,219384000
435.9975481033325,1,1678.4027563417899,1619.3508909495708,219025528
436.52760100364685,1,338.5554635139993,156.08959648229438,219384000
437.3924081325531,1,2042.0869924428252,190.5595356281405,219011021
443.1548390388489,18,409.05521473509094,-8.35599022414739,265798780
445.93957710266113,1,1678.4025560012674,1618.811300575835,219025528
446.5570251941681,1,367.0114290821783,159.50701182749876,219384000
451.8798520565033,1,-1717.498222535964,5766.035749449902,245176000
454.2254090309143,1,1677.9776853827393,1618.391776824413,219025528
454.76799392700195,1,391.64494940464226,162.32480353314202,219384000
455.1337821483612,1,2042.5110783113082,175.57214683669815,219019518
462.8339331150055,1,1678.402200004648,1617.8520287998235,219025528
463.9778251647949,1,418.82680259722423,166.34190306428275,219384000
465.7205810546875,18,83.74723761064173,447.46413603738324,219026304
472.41048097610474,1,1677.9773294782708,1617.4325049548852,219025528
473.1271779537201,1,446.0086910895096,171.13858114809278,219384000
473.56713700294495,1,2043.7851898810163,174.7328030344551,219019518
479.03765511512756,3,2042.0869376061921,189.30059640656074,219011021
481.4863510131836,1,1677.9771516052201,1616.9528690203165,219025528
481.85339093208313,18,154.6609782638109,287.3824137766471,219017717
482.14615201950073,3,2042.0869662848093,189.96004076076883,219011021
482.33784198760986,1,2044.6345913022244,174.01337556758745,219019518
482.6138708591461,1,473.1906344780899,177.13462062710386,219384000
490.98753905296326,1,1677.9769071161045,1616.2933696099371,219025528
491.5587248802185,1,501.2220180058197,183.1905203669017,219384000
491.7788140773773,1,2045.059289670195,173.59371249355132,219019518
500.943617105484,1,1677.9766405144815,1615.5739157078158,219025528
501.54567193984985,1,533.0758908124249,190.44558112834332,219384000
509.2309250831604,1,1677.976418436629,1614.9743707891485,219025528
509.7726480960846,3,560.2578399211679,195.9016517794796,219384000
510.13824486732483,1,2042.5109539046493,172.45477382921328,219019518
513.9229300022125,18,-164.98933535260838,1213.132253607438,244750462
517.838005065918,3,1677.9762630319765,1614.5546893463647,219025528
518.9827170372009,1,591.6869334490739,201.23751947218133,219384000
522.3107359409332,3,2025.5234080224259,197.39452711915473,219011021
525.6533620357513,1,-1235.9363399962092,5718.183821090109,245176000
527.4122109413147,1,1677.9761076667914,1614.1350079032868,219025528
528.2654631137848,1,625.2396003975398,206.45327172465974,219384000
528.5710780620575,1,2033.592139067112,177.49089335378332,219019518
534.9499819278717,1,-1176.483554199812,5712.7664742832985,245176000
536.489935874939,1,1678.400667186951,1613.7151692652894,219025528
537.559492111206,1,658.3676076425512,212.62846053023165,219384000
538.2203350067139,18,389.5353438083344,384.9417261944541,219017717
540.2716519832611,3,2011.0831197939517,197.93473018460836,219011021
543.3068401813507,3,2007.6854019269385,197.99483441114256,219011021
545.9948081970215,1,1678.400467543379,1613.1755788908465,219025528
546.548308134079,1,688.9473576895019,219.16349189891972,219384000
555.9575040340424,1,1678.8249828101557,1612.6358314266365,219025528
556.50479388237,3,1994.9439607581048,198.2352136268115,219011021
556.5491049289703,1,723.3495598854316,225.93810427628122,219384000
558.7785310745239,18,740.3610470280139,500.94765824818154,219026306
562.0168259143829,3,1988.5732211961763,197.9357522015771,219011021
564.23810505867,1,1678.824871963383,1612.3360590259224,219025528
564.7643039226532,1,752.2304022475082,231.09378932680912,219384000
571.2824380397797,3,-939.947290023621,5690.440303432996,245176000
572.8282351493835,1,1678.824672490599,1611.7964687041385,219025528
573.9969489574432,1,784.5090055460988,236.96882336962443,219384000
582.3722598552704,3,1969.461084622314,198.83587723161634,219011021
582.6660890579224,1,1679.2492322360345,1611.3766303752882,219025528
583.268461227417,1,817.2123962027783,243.98310703093273,219384000
589.308916091919,3,1963.0904275088342,200.33493212139442,219011021
590.9250388145447,18,620.5847523744483,437.0344257347242,219017717
592.1483888626099,3,1960.5421814149036,201.2942589521945,219011021
592.1788830757141,3,1679.2490771773014,1610.956949054863,219025528
592.563746213913,1,849.491054304799,250.4576169355467,219384000
592.7270150184631,3,1679.2490771773014,1610.956949054863,219025528
594.6905479431152,3,1679.2490771773014,1610.956949054863,219025528
596.9365050792694,3,1679.2490328820354,1610.8370401060474,219025528
598.4018321037292,3,1954.1715475590522,203.27292606544398,219011021
598.699089050293,3,1679.2490107355916,1610.7770856316035,219025528
599.0304219722748,1,-756.9179632708633,5673.3449887101015,245176000
601.0043840408325,1,1679.248966445437,1610.6571766828588,219025528
601.2259268760681,3,1952.472740648855,204.4120689400297,219011021
601.5522830486298,1,881.3449914911398,256.6322287503025,219384000
601.772360086441,1,1974.98210043928,192.60078281883307,219019518
604.6908092498779,3,1679.248922158807,1610.537267734233,219025528
606.5690231323242,3,1679.248922158807,1610.537267734233,219025528
607.3465960025787,3,1946.951552549811,206.6904580316239,219011021
608.8417749404907,18,-141.22389184657283,1144.569064503322,219027868
609.3832120895386,1,1679.2488557348283,1610.3574043110002,219025528
611.5546090602875,1,917.0213938541945,263.22627468880626,219384000
612.9241979122162,3,1679.2488114560833,1610.2374953623607,219025528
616.0645201206207,3,1679.248767180885,1610.1175864137272,219025528
616.6584420204163,1,-643.9587111283067,5662.100620494067,245176000
618.9740500450134,1,1679.2487229084609,1609.997677465009,219025528
619.7675089836121,1,945.9023068702078,268.6813064924104,219384000
621.6594860553741,18,748.4270068744434,468.4444682016311,219017717
622.6568310260773,3,1679.2487229084609,1609.997677465009,219025528
625.2298450469971,3,1679.2487007738446,1609.9377229905451,219025528
628.1176571846008,18,88.840312472802,412.01759391976606,219026304
628.9823100566864,1,976.4821309759056,274.85572890062303,219384000
629.0076291561127,1,1679.248656506927,1609.8178140418859,219025528
632.0482950210571,3,1679.2486122428054,1609.6979050930288,219025528
633.8287560939789,3,1679.2486122428054,1609.6979050930288,219025528
637.6576461791992,1,1679.248567982209,1609.5779961442904,219025528
638.2800359725952,1,1006.6372584445182,281.1500195048206,219384000
639.0625648498535,1,1939.306813536562,209.44856188370017,219019518
641.0001840591431,3,1679.2485458531205,1609.5180416697717,219025528
644.2485620975494,3,1910.4268515996273,222.75913738489697,219011021
644.679083108902,3,1679.2485015979887,1609.3981327213196,219025528
646.170147895813,18,812.9892773330739,518.7493334540585,219017717
647.053004026413,3,1679.2485015979887,1609.3981327213196,219025528
647.1531641483307,3,1907.0291683096393,223.47872712125934,219011021
647.5574440956116,1,1037.2171028919824,287.3242684260931,219384000
647.8781509399414,1,1929.1138623313514,213.76552649397172,219019518
650.4135870933533,3,1679.2484573456945,1609.2782237724423,219025528
652.6713769435883,3,1679.6731279423425,1609.1581580722243,219025528
653.1640410423279,3,1900.658507868835,224.7380337518162,219011021
654.9260530471802,18,190.77106401327927,405.7105975573065,219026304
655.7685680389404,1,1679.2484130965713,1609.158314823469,219025528
656.2170140743256,3,1897.2608435656284,225.81733551171052,219011021
656.5588839054108,1,1068.646422781484,294.03803940556537,219384000
656.7784609794617,1,1920.194938367405,215.6244498711302,219019518
659.7833521366119,3,1893.4384489552601,226.59690340303752,219011021
660.752120256424,3,1679.2483909733442,1609.098360349224,219025528
661.4700889587402,3,1679.2483909733442,1609.098360349224,219025528
662.6016671657562,3,1890.8901776470623,226.95674524764115,219011021
664.3737061023712,1,1679.248346729289,1608.9784514005487,219025528
665.1887502670288,1,1100.9251628100724,300.45184284978563,219384000
666.1271829605103,3,1679.248346729289,1608.9784514005487,219025528
666.500746011734,3,1885.368907634193,227.4366458105319,219011021
668.9991822242737,3,1883.2453608201295,227.97632163272152,219011021
669.1056671142578,3,1679.2483024884264,1608.8585424516634,219025528
671.661502122879,1,-289.36635244382177,5628.2906987872975,245176000
671.8081521987915,3,1679.6729730971724,1608.7384767926528,219025528
672.0364899635315,3,1879.8476533939197,228.21630617691113,219011021
673.3192219734192,18,766.2780392422253,577.1627774077305,219017717
673.9778470993042,1,1679.6729730971724,1608.7384767926528,219025528
674.0471539497375,3,1877.7240941212838,228.51617607416702,219011021
674.7711508274078,1,1134.0533639583462,307.16530139620875,219384000
674.9218602180481,1,1899.3840911164339,219.40242046283282,219019518
677.8648562431335,3,1679.6729509796132,1608.6785223239976,219025528
678.1524341106415,3,1872.6275299318122,228.81620229967797,219011021
680.3135170936584,3,1679.6729509796132,1608.6785223239976,219025528
680.724436044693,3,1870.0792525825368,229.05614345317076,219011021
681.7532601356506,18,307.141859561293,396.5838260752017,219026304
683.9888598918915,1,1168.8804482215764,314.05842009925794,219384000
684.0172739028931,1,1679.2481919012043,1608.5587700796748,219025528
684.37522315979,3,1866.2568176902346,229.05634428127223,219011021
685.9980008602142,3,1679.2481919012043,1608.5587700796748,219025528
686.7946200370789,1,1862.4343828196743,229.05654510932035,219011021
690.131374835968,1,1859.036662951227,229.05672362303562,219011021
690.3598890304565,1,-164.0896000283244,5617.512643607384,245176000
692.6622569561005,1,1679.2481034461994,1608.3189521823358,219025528
693.2774112224579,1,1203.28299437782,323.17001768911035,219384000
699.0535480976105,3,1850.117620064731,228.5176230818128,219011021
699.2888488769531,1,-111.85564216713887,5612.946947202219,245176000
701.9013671875,18,715.744826654467,633.2992560138589,219017717
702.1574161052704,3,1845.4457270896537,227.97829824220997,219011021
702.5613389015198,1,1237.2608055937126,331.7418588422187,219384000
708.6015639305115,3,1838.2255193988808,226.95948686391247,219011021
709.6439490318298,18,422.66326051389296,387.39764455598834,219026304
710.7728950977325,1,1679.2480371136494,1608.139088759152,219025528
711.2164092063904,3,1834.4030504053874,226.30021008217653,219011021
711.4036722183228,1,1271.6633359118189,340.13365297655713,219384000
711.7759330272675,1,1860.31047565365,222.64179413358173,219019518
714.3396799564362,3,1831.8547295317244,225.70081857803137,219011021
717.5466959476471,3,1827.1828153776112,224.7418213640837,219011021
719.3784201145172,1,1679.2480371136494,1608.139088759152,219025528
720.1926820278168,1,1306.4905460691773,347.86572507993446,219384000
720.3318569660187,18,761.1725806092395,505.5627345879216,219026306
721.29336810112,1,1850.1172947197851,222.2226497900229,219019518
721.5099568367004,3,1822.9356225808906,223.90270529505426,219011021
723.441644191742,3,1821.6614469573124,223.3032455517902,219011021
726.6671991348267,1,65.65309095827537,5595.985051982336,245176000
729.0419311523438,3,1815.7153549510517,221.68482990874816,219011021
729.7644491195679,1,1342.1672059036782,355.6575634596278,219384000
729.9133131504059,3,1841.1982102042164,220.84420267323054,219019518
739.0016441345215,1,1378.6934009491438,364.5284584413197,219384000
739.0130660533905,1,1679.2480371136494,1608.139088759152,219025528
739.3676061630249,3,1804.6725518537978,217.42874604033815,219011021
742.0087060928345,3,1800.850048780544,216.05002217545695,219011021
745.2388470172882,3,1797.4522257520357,213.95184077119092,219011021
745.3644280433655,1,190.07825821663522,5583.4106088695,245176000
746.9796080589294,18,764.5704412364541,506.82164884604,219026306
747.6665170192719,1,1679.2480813344246,1608.2589977079692,219025528
747.9695901870728,3,1795.3285631539802,212.15335858246948,219011021
748.2690210342407,1,1416.9186137155648,375.0179275149255,219384000
749.0681910514832,1,1821.2363814108517,216.34877455121477,219019518
751.3490161895752,3,1792.7801921467487,210.47480096327297,219011021
754.2017421722412,3,1788.9576425858604,208.07686679024886,219011021
754.2813220024109,1,248.68152644937314,5577.698021912234,245176000
757.0043110847473,1,1812.741963948141,213.95109044799165,219019518
757.1480610370636,3,1787.2586945391113,206.21840514951376,219011021
757.5647759437561,1,1454.7191868109974,386.0468682309818,219384000
758.0889339447021,18,1369.7844770589854,469.93665423300195,219026302
760.4232141971588,3,1784.7103202238936,204.41993490199619,219011021
763.5933411121368,3,1780.8877740353273,202.02199098111447,219011021
764.0443720817566,1,307.70883145201117,5571.445283625642,245176000
765.7767341136932,1,1679.2480813344246,1608.2589977079692,219025528
766.2234680652618,3,1778.3394014747373,200.2235156521193,219011021
766.4078259468079,1,1491.6704423165627,397.9750508416999,219384000
767.3627259731293,1,1803.8227460716337,209.75483471244058,219019518
769.6065421104431,3,1776.6404595271674,198.42499956136876,219011021
772.8890929222107,3,1772.8179220727475,196.1469523244558,219011021
774.3834960460663,1,1678.8233664890772,1608.259154371602,219025528
774.8239629268646,18,763.7210614125398,507.24151701097657,219026306
775.1978800296783,1,1529.046407759181,409.4832954946529,219384000
776.5100831985474,3,1770.2695252837073,193.74893798582383,219011021
778.7820949554443,3,1768.570615107578,192.60990177086546,219011021
781.5682618618011,1,1765.5975315474743,190.81143444658414,219011021
781.6568610668182,1,425.3393813422399,5559.420622010353,245176000
783.3740811347961,18,1256.38605511904,473.5464929018437,219026302
783.9785511493683,1,1678.823432826699,1608.4390178121428,219025528
784.0434958934784,3,1762.6244591411,189.2527779882295,219011021
784.7674078941345,1,1566.4225273044244,422.2504193573102,219384000
784.9194660186768,1,1789.381899445401,198.24456078782947,219019518
791.0541441440582,3,1757.5277254347168,185.65579523071432,219011021
791.1837918758392,18,790.888181235119,360.49986189696824,219026304
793.6677751541138,1,1604.223395075945,434.95732637979256,219384000
794.0138320922852,1,1678.823432826699,1608.4390178121428,219025528
794.257847070694,1,1781.3120842711505,193.08896346036332,219019518
794.3727660179138,3,1753.70525041992,184.6967027623825,219011021
796.8659210205078,3,1751.1569254424649,183.85746189118197,219011021
802.2467589378357,18,764.1458455021765,507.8411382059961,219026306
802.6584279537201,1,1678.8234770559939,1608.5589267724508,219025528
803.2729349136353,1,1643.2986438429648,449.58244122787175,219384000
804.0590391159058,1,1770.6939702167308,187.57373757865622,219019518
805.9688808917999,3,1740.1142847771716,182.59890113494492,219011021
809.0787000656128,3,1736.7165705238826,182.71895080828193,219011021
812.008465051651,1,1760.0758658028362,182.11843819497489,219019518
812.0515451431274,1,1678.8235434057979,1608.7387902131868,219025528
812.155091047287,3,1732.0447342279363,183.3786378538723,219011021
812.2001609802246,3,-1218.8261894028992,2795.1158436733845,255915790
812.5572731494904,1,1681.5248149710428,467.0252431925512,219384000
815.4178099632263,3,1728.647045304016,184.09822632605858,219011021
818.1391260623932,3,1724.8246543300206,185.1176031710331,219011021
818.4934861660004,1,659.3258145921471,5534.835115278097,245176000
819.7979011535645,18,919.1516392219041,357.07125878585435,219026304
820.7699022293091,1,1678.3988285623604,1608.7389469234736,219025528
821.2177460193634,3,1721.4270118524607,186.91636432203694,219011021
821.4120919704437,1,1719.7511512897186,485.3070940833834,219384000
822.3651039600372,1,1747.3343039314677,179.3611075846037,219019518
824.2738409042358,3,1718.4540746580913,188.47529414463384,219011021
827.8643321990967,3,1712.9329063438445,191.35332545071867,219011021
828.1811270713806,1,722.5996718070195,5528.038435989389,245176000
829.37584400177,1,1678.3989170405966,1608.9787648678957,219025528
830.1913630962372,3,1759.6762531860222,502.089593830876,219384000
831.2823932170868,1,1733.7434589103082,180.14106514764487,219019518
831.5019860267639,3,1709.53534385189,194.89076409998975,219011021
831.6325771808624,18,762.8716049037877,507.0017474966363,219026306
833.5841941833496,3,1707.8365731593485,196.86932478281648,219011021
836.9329211711884,3,1704.0143555506174,201.6058741008962,219011021
837.0384771823883,1,776.1067181469733,5522.513621804098,245176000
838.9728660583496,1,1678.398961284669,1609.0986738399565,219025528
839.0477199554443,3,1701.0414712865418,204.18404116626942,219011021
839.9210979938507,1,1720.5775231654716,185.53746085587122,219019518
839.9766080379486,1,1797.902519385338,518.5122712315274,219384000
842.573527097702,3,1699.7676028077972,209.99965766312613,219011021
843.1506550312042,3,1812.7684834938268,526.3642991783591,219384000
845.5795559883118,1,834.2852505469383,5516.683200842788,245176000
845.7836999893188,3,1824.2365443708934,532.5979728744593,219384000
845.9365561008453,3,1696.7948884856332,215.9352701208802,219011021
846.343013048172,18,1040.194682465869,349.9856830125891,219026304
848.6703612804413,3,1834.8552140530337,539.0715280955555,219384000
849.016853094101,1,1677.9743128123005,1609.2786940608837,219025528
849.2672898769379,1,1709.1106665554894,195.73014000326498,219019518
849.3752388954163,3,1695.9456958252104,220.67169767507733,219011021
852.0232331752777,3,1845.8986084796663,545.54499862969,219384000
852.0952620506287,3,1695.945941176501,225.46803740571184,219011021
854.8288881778717,3,1695.9461886385252,230.20442288960976,219011021
855.2457749843597,3,1860.7647441219942,554.3560795928586,219384000
855.3600010871887,1,892.463947189399,5510.972863556623,245176000
857.6591360569,3,1677.9743128123005,1609.2786940608837,219025528
857.9635310173035,3,1695.946532010762,236.61952727835177,219011021
858.2749199867249,3,1871.383492938093,561.1892385594169,219384000
859.0598118305206,1,1698.9182280423383,211.13882848593445,219019518
860.9999260902405,3,1695.9467650644324,240.876278788376,219011021
861.0251729488373,3,1882.0022370047723,567.9024608563514,219384000
864.0670840740204,3,1696.7964421561935,245.31284524472858,219011021
864.2969260215759,1,950.6425048394942,5505.14274725699,245176000
864.435268163681,3,1896.4437432417067,577.0132062107382,219384000
867.0115029811859,1,1693.8222710616692,223.6095646719483,219019518
867.0535140037537,1,1677.9743570648088,1609.3986030448896,219025528
867.1570739746094,3,1699.7697532312204,250.70855543293098,219011021
867.5589141845703,3,1906.6378612710796,584.2060190182938,219384000
873.3499400615692,3,1702.3185759990963,259.82144106703896,219011021
873.4974150657654,1,1007.9722518288224,5499.793564719742,245176000
873.5982122421265,3,1930.8489232047318,601.1689125623848,219384000
875.6976120471954,18,1176.5275062027872,343.1991045614521,219026304
875.7708330154419,1,1677.9743570648088,1609.3986030448896,219025528
876.2184951305389,3,1704.8670883869438,263.53844489230187,219011021
876.4141409397125,3,1940.6184167473243,608.7213766571833,219384000
877.3664741516113,1,1692.5489601789225,239.31765487633578,219019518
879.7859489917755,3,1708.6898222761924,268.45444769715766,219011021
879.9059500694275,3,1953.3613619457615,619.3308726679197,219384000
882.3527691364288,1,1066.1506075558536,5493.783858519935,245176000
882.6634900569916,3,1963.1309993740579,627.6626144876752,219384000
882.719969034195,3,1711.238323346579,271.8716708623494,219011021
884.7872111797333,18,762.446807005859,506.2821918797765,219026306
884.8894770145416,1,1677.9743570648088,1609.3986030448896,219025528
885.1827201843262,3,1972.475981541144,636.2941331364837,219384000
886.2826771736145,1,1696.3722179951192,253.8863255706289,219019518
886.5026249885559,3,1715.0610286522103,276.18811933890305,219011021
888.527734041214,3,1981.8210163918689,645.1654160358901,219384000
888.9336352348328,3,1718.458934871837,279.12564701886106,219011021
891.7101759910583,3,1994.1395254646923,657.0337221638263,219384000
891.8295161724091,3,1720.5827100287074,282.2431142735507,219011021
892.0319979190826,3,1130.6990858738789,5487.286597168785,245176000
894.0296499729156,3,1723.1311240177993,284.16147323725727,219011021
894.9088468551636,1,1702.3189629410347,266.23653607848166,219019518
894.9815921783447,3,2003.4846577441872,666.2646166130182,219384000
898.0515489578247,3,2015.3786308233416,678.912218290644,219384000
900.5826361179352,1,1182.0835487574357,5482.4849893140145,245176000
901.0191292762756,3,1731.201238074016,292.194751378471,219011021
901.0896480083466,3,2023.8744741969695,688.742652306202,219384000
902.4135110378265,18,1297.9951841906927,334.1955868524043,219026304
903.1398370265961,1,1677.9742685633378,1609.158785076883,219025528
903.6601009368896,3,2031.9455767404404,698.273367929622,219384000
904.2541661262512,1,1709.1152610084791,279.965602127451,219019518
904.377692937851,3,1735.023878178457,295.2521343762294,219011021
906.8435590267181,3,2040.4413180244792,707.2044842117209,219384000
907.1144871711731,3,1736.7229459052505,298.3096573093839,219011021
909.5545990467072,1,-45.52444589956062,1587.9027826480058,219002801
909.8922288417816,3,2051.061195936033,719.4324317983817,219384000
910.2244429588318,3,1741.8198347358893,302.8058297795368,219011021
910.360997915268,1,1246.6317535703654,5475.748220996951,245176000
912.6635010242462,1,1678.398961284669,1609.0986738399565,219025528
912.8996958732605,1,1719.7340566331184,293.9941374842756,219019518
912.971400976181,3,1745.6425033751602,306.1629638423312,219011021
913.2669360637665,3,2059.557030869262,728.6632139032149,219384000
915.9062118530273,3,1749.4651831307374,309.6399990386492,219011021
916.3443920612335,3,2070.177050761919,741.3706483836513,219384000
919.022931098938,3,1753.2878699861294,313.1769815954726,219011021
919.2773699760437,1,1303.9608842624925,5469.860139324288,245176000
919.3354890346527,3,2078.672922048403,750.5413982632485,219384000
921.9905271530151,1,1731.202323122187,307.96259073108456,219019518
922.0488150119781,1,1678.3989170405966,1608.9787648678957,219025528
922.5616641044617,3,2089.717700118851,763.1287516879931,219384000
925.2897410392761,3,2095.2401240045365,769.5423019896866,219384000
928.5021059513092,1,1361.716545147811,5465.4106896392095,245176000
928.5303790569305,3,2106.7097368458135,782.4891748112144,219384000
929.8223822116852,18,1422.435616156092,321.2950778763204,219026304
930.7756440639496,1,1677.9742021959014,1608.9789216014342,219025528
931.2237219810486,1,1771.1271982712897,330.80194481699925,219011021
931.4068880081177,3,2114.781067022672,792.1394327020018,219384000
932.3600749969482,1,1745.6436832329605,322.5302865975752,219019518
934.5128991603851,3,2125.8260653505386,805.2661114595397,219384000
935.9442980289459,1,-118.18083371718282,1502.2789363462284,219002801
937.3460021018982,1,1413.1039777993592,5462.947951947963,245176000
937.418771982193,3,2133.8975358142443,815.3958706403415,219384000
939.143208026886,3,-125.40358368707692,1494.6640530245277,219002801
939.8946571350098,1,1677.9741579551787,1608.8590126176355,219025528
940.1981739997864,3,2142.3937904552486,825.7653043035804,219384000
941.5075800418854,1,1785.5687401653547,346.68839792124317,219011021
943.9853410720825,3,2153.439109731742,840.0308258407965,219384000
946.3467211723328,1,-145.3706676050041,1478.416430487759,219002801
947.0317451953888,1,1477.2349503882892,5462.148116606197,245176000
947.1313910484314,3,2162.3601968206713,850.699821304428,219384000
948.9147982597351,1,1677.5493988731819,1608.739260343939,219025528
949.0439171791077,1,1797.4617529540412,358.9777866605452,219011021
949.9180359840393,1,1772.8274115846907,348.18824083866394,219019518
949.9670951366425,1,2173.4056217737625,865.0851096699022,219384000
951.4521899223328,3,-161.51167566080053,1472.8437797293975,219002801
952.9553890228271,3,2180.627969953406,876.054084179406,219384000
955.2629351615906,1,-171.70533091072008,1471.287742885041,219002801
955.5854110717773,1,1528.2026349162634,5463.643141278362,245176000
957.6124749183655,18,1552.3978030629892,314.0307987779831,219026304
958.1357979774475,1,1677.5493988731819,1608.739260343939,219025528
958.6654641628265,1,2193.3738762680423,897.9323267057482,219384000
959.2519371509552,1,1786.4194820453647,362.81568804046043,219019518
959.3698360919952,1,1812.7529363581339,376.1229828749484,219011021
965.366250038147,1,1591.9163430580136,5468.779453585919,245176000
967.6534790992737,1,1677.5493767558614,1608.6793058462422,219025528
967.9024860858917,1,1802.9846116508938,377.5027394235755,219019518
967.9534010887146,3,1827.1947143542286,392.7885159017771,219011021
968.2752411365509,1,2215.8914391986946,934.375524446091,219384000
974.2830810546875,1,1649.2603236841073,5474.703024460802,245176000
977.0051321983337,1,1817.4262594955376,392.66949082570704,219019518
977.0469670295715,1,1677.5492882940894,1608.4394878553394,219025528
977.5517909526825,1,2243.082043994284,974.7138421370486,219384000
978.0311679840088,3,1842.061497147371,411.8519881153165,219011021
980.4402871131897,3,1843.7606868368762,415.3290560364536,219011021
983.5055980682373,1,1706.1811096919582,5481.826052746507,245176000
983.6686642169952,3,1850.1320735661127,422.2229436572343,219011021
985.7786960601807,1,1677.5492440681473,1608.3195788597943,219025528
986.4118411540985,1,2266.44898661541,1008.1587105596936,219384000
987.363352060318,1,1832.2929736923397,411.0135777069083,219019518
992.3474559783936,1,1763.5284379551968,5490.387237127434,245176000
992.6853020191193,1,1862.450538157103,439.72772224718284,219011021
994.8847849369049,1,1677.5491777355023,1608.1397153666821,219025528
995.189779996872,1,2291.9404797610496,1044.600015456965,219384000
995.4003920555115,1,1866.2734959861295,444.8832004824517,219011021
996.280081987381,1,1845.4608347000215,428.6382804951286,219019518
997.1228039264679,3,-200.15977123763437,1475.3760008581644,219002801
1002.0364949703217,1,1820.4519047851772,5499.6082072804065,245176000
1003.9064431190491,1,1677.1243523540643,1607.840099500518,219025528
1004.9610781669617,1,2315.7334471359272,1081.1612068568722,219384000
1010.5894269943237,1,1877.8004133485326,5509.068204579249,245176000
1013.1367292404175,1,1677.1243081448433,1607.720190493394,219025528
1013.6696951389313,1,2339.102114216492,1118.1417258080771,219384000
1021.3013451099396,1,1940.6712244774553,5519.30032281565,245176000
1022.9641690254211,1,1904.078654723787,496.07782557614746,219011021
1023.3508820533752,1,1677.1242639383959,1607.6002814861858,219025528
1023.9100849628448,1,2365.8698200577437,1158.8974849189692,219384000
1025.7394618988037,3,-187.83926657020183,1486.5881230518046,219002801
1029.0906701087952,3,1911.7247450173904,506.68833210983723,219011021
1030.6504819393158,1,2004.3921789389788,5530.070615559233,245176000
1032.0528240203857,1,1677.1242197358706,1607.4803724790845,219025528
1032.172110080719,3,-170.8443429784486,1505.1761072420973,219002801
1032.4866690635681,1,2385.4160371233643,1193.4204750479844,219384000
1032.852560043335,1,1900.680805232028,494.9391350050161,219019518
1033.7025880813599,3,-167.87045642222006,1507.7542160226792,219002801
1035.666873216629,3,1919.7960617600047,521.3754304693691,219011021
1038.4986598491669,1,2050.2712618355126,5537.805845793929,245176000
1040.7690000534058,1,1677.1242197358706,1607.4803724790845,219025528
1041.42884516716,1,2411.3336967618106,1229.4999154629054,219384000
1042.3664610385895,1,1912.1503513902853,514.3020944708744,219019518
1043.5398979187012,3,-134.3072665430879,1538.6919960960354,219002801
1044.6124560832977,3,1928.717160974441,538.5203628665498,219011021
1045.9436440467834,1,-125.38515953138696,1547.505805700711,219002801
1047.3537530899048,1,2108.469301592223,5547.263751651289,245176000
1047.5903980731964,3,1933.3899656664219,546.0736094210729,219011021
1049.8918550014496,1,1677.1242197358706,1607.4803724790845,219025528
1050.0036721229553,1,2436.400957275978,1261.2032567934657,219384000
1050.4053490161896,3,1935.0895351364659,551.7087866716472,219011021
1052.3843359947205,3,-103.29291444183062,1567.4709733891539,219002801
1053.4844670295715,3,1938.9126793669361,557.2837371401562,219011021
1056.5639939308167,3,1941.4616933971138,562.9187932026282,219011021
1057.0402309894562,1,2165.8190066685866,5557.561753988697,245176000
1058.9139800071716,1,1676.6994827920103,1607.4205745570484,219025528
1059.4517140388489,3,1944.8604110273689,570.5920598982408,219011021
1059.7899389266968,3,-77.80181862866645,1590.313676849166,219002801
1059.9807078838348,1,2468.6920558474085,1304.473210243345,219384000
1060.2646689414978,1,1930.4172916372472,548.711826787286,219019518
1062.868166923523,3,1948.6835873758064,576.2269320819987,219011021
1065.6834471225739,1,1952.5067790280689,581.9217451008316,219011021
1066.9606239795685,1,2229.5402291180494,5568.450814748756,245176000
1068.6447801589966,3,1941.0375143434153,567.055458494561,219019518
1069.2824461460114,1,1955.9055139410661,589.4750761976111,219011021
1074.0117809772491,3,-33.190129590814195,1635.5808255661884,219002801
1076.2873830795288,1,2291.562701640698,5579.401674703273,245176000
1077.8571321964264,1,1965.6764700692945,607.7586692412912,219011021
1077.9011678695679,1,1950.8084326128949,585.7588193375251,219019518
1078.3402030467987,1,1677.1241534376422,1607.3005089682072,219025528
1078.9157750606537,1,2518.8314907277245,1379.266987739863,219384000
1080.025143146515,3,-14.918603890645208,1658.9653083880257,219002801
1083.4000961780548,1,-5.9940932962830775,1673.4165293666774,219002801
1085.656837940216,1,2349.337058716021,5589.57837906563,245176000
1085.803705215454,3,-1.7440498099462862,1680.972076222868,219002801
1086.2520570755005,1,1677.1241534376422,1607.3005089682072,219025528
1087.48948097229,1,2543.9016127378054,1416.423460792237,219384000
1087.8562710285187,1,1962.2786077988017,606.7399829827942,219019518
1088.0368552207947,1,1978.420792832691,628.0201153409874,219011021
1093.5011489391327,1,2395.6409075964457,5597.2518696152765,245176000
1096.4069151878357,1,1677.5488240863547,1607.1804434025987,219025528
1096.435077905655,1,2565.573051869731,1449.7443331453944,219384000
1097.3608729839325,1,1973.748651409006,626.1023747124141,219019518
1098.8821530342102,3,29.28031044136118,1732.7204195005547,219002801
1102.3461599349976,1,2453.414389758368,5606.708764379067,245176000
1104.8968908786774,1,1677.5488682811533,1607.3003523981854,219025528
1105.0072252750397,1,2587.6694209384323,1482.944845634206,219384000
1105.4079010486603,1,2002.2099370912638,662.4879591477036,219011021
1106.0183849334717,1,1984.793809122234,643.726169479545,219019518
1110.437994003296,3,58.60481314727953,1780.5102555807732,219002801
1112.033329963684,1,2517.9854998375863,5617.835052016429,245176000
1113.9161369800568,1,1677.5488682811533,1607.3003523981854,219025528
1114.9690680503845,1,2616.1393238807773,1523.4556794635457,219384000
1115.2548921108246,1,1995.8391110076984,661.8294759195867,219019518
1121.958561182022,1,2580.857551767976,5628.783374794055,245176000
1123.1350910663605,1,1677.9735389311445,1607.1802868442282,219025528
1123.3272142410278,1,2640.784184668194,1555.635521586377,219384000
1123.637316942215,1,2006.0349833304629,679.4532232459517,219019518
1124.2802040576935,1,2025.574917758993,698.6940363475809,219011021
1129.6516082286835,1,107.4792729522725,1858.0993754710603,219002801
1131.2914140224457,1,2638.2069449487744,5638.659580288134,245176000
1132.8592698574066,1,2037.4699378071984,717.1565917843332,219011021
1132.9047729969025,1,2018.354559917174,697.4362474533925,219019518
1133.3443961143494,1,1677.973472645354,1607.0004233684476,219025528
1133.9062259197235,1,2670.9547471786723,1599.2017472873486,219384000
1140.6483552455902,1,2695.5567534342,5648.835225874422,245176000
1141.2476460933685,1,1677.973472645354,1607.0004233684476,219025528
1142.4813151359558,1,2693.052482096017,1633.000104441689,219384000
1142.8457050323486,1,2031.9485530134314,716.6179534367003,219019518
1143.032394170761,1,2051.0642612267084,737.7769368599147,219011021
1149.1756920814514,1,2748.232856491832,5657.57811321964,245176000
1150.678985118866,1,2059.9858605410573,752.8826359760865,219011021
1151.4105560779572,1,1677.9734284590127,1606.8805143846926,219025528
1151.4388949871063,1,2718.1251171060085,1671.0527352010079,219384000
1157.3477380275726,1,2798.7848597326247,5665.903974682678,245176000
1159.8851380348206,1,1677.9733842758424,1606.7606054008415,219025528
1159.9876730442047,1,2741.0727477024734,1704.610270414224,219384000
1165.4420418739319,1,198.0074851651101,2003.0200332522033,219002801
1167.0361371040344,1,2862.505863253569,5676.370274005537,245176000
1168.922029018402,1,1677.9734284590127,1606.8805143846926,219025528
1169.4441149234772,1,2086.3252083070847,792.4443478203498,219011021
1169.9715280532837,1,2769.545076386252,1746.0173221929936,219384000
1176.9662899971008,1,2924.952126346097,5686.358428322609,245176000
1178.1276240348816,3,1677.9734284590127,1606.8805143846926,219025528
1178.3191530704498,1,2791.2197265605582,1781.0131272822287,219384000
1179.2696211338043,1,2098.2207267019003,811.4459285639945,219011021
1187.8477380275726,1,2109.6916472300445,830.6273321778458,219011021
1188.3454279899597,1,1677.9734284590127,1606.8805143846926,219025528
1188.9058771133423,3,2819.6951166321564,1827.9935108614636,219384000
1195.6498482227325,1,3039.224501090688,5704.549700197822,245176000
1196.245754957199,1,1677.973472645354,1607.0004233684476,219025528
1197.4829971790314,1,2840.945787668736,1863.1685025165143,219384000
1204.1606228351593,1,3096.148837432229,5714.004863004773,245176000
1205.6809720993042,1,2133.4827188616855,866.7116345103672,219011021
1206.4104750156403,1,1677.5487798954573,1607.0605344072328,219025528
1206.4261560440063,1,2865.1713717135913,1902.0580223633485,219384000
1207.9966971874237,3,4008.1591973112586,-766.9672829234906,219029348
1212.6140072345734,1,3147.550797178986,5722.627948298246,245176000
1214.9979321956635,1,2888.121317491157,1936.8119656611746,219384000
1215.1915719509125,1,1677.5488240863547,1607.1804434025987,219025528
1222.0359649658203,1,3204.474235690138,5731.36343365173,245176000
1224.3453159332275,3,341.66971545900947,2227.552497385127,219002801
1224.4473779201508,1,2158.973821402043,906.991542634418,219011021
1224.5939531326294,1,2916.17165869731,1979.3551074924549,219384000
1224.9178929328918,1,1677.5488682811533,1607.3003523981854,219025528
1231.9670059680939,3,3266.0703554247148,5740.691860709695,245176000
1233.1366181373596,1,1677.9736273235185,1607.420104811818,219025528
1233.321004152298,1,2939.1221669255347,2013.9883626073538,219384000
1241.2840991020203,1,3323.418713101497,5749.546170822538,245176000
1242.850984096527,1,2183.190696129247,945.1730924202172,219011021
1242.9277250766754,1,2167.0475438354656,926.6527315026837,219019518
1243.348916053772,1,1677.548912479143,1607.420261393562,219025528
1243.9093520641327,1,2968.873936908596,2060.3656592417437,219384000
1244.933140039444,3,404.98913166322905,2298.8868532081597,219002801
1249.2416870594025,1,3373.5455837577983,5757.390957251453,245176000
1249.4080910682678,18,-150.96216403642487,1254.214409786336,219023018
1251.2449600696564,1,1677.548912479143,1607.420261393562,219025528
1252.4851179122925,1,2992.249633199578,2094.638246097996,219384000
1253.2278800010681,1,-1463.223397106664,2485.744242929151,219013964
1257.5734689235687,1,445.7836844492339,2340.245652913995,219002801
1259.1667022705078,1,3436.416396031542,5767.076542211814,245176000
1260.668370962143,1,2207.831932776483,980.2968146002993,219011021
1261.4013042449951,1,1677.548912479143,1607.420261393562,219025528
1261.4304780960083,1,3017.3266010639372,2133.2849685438787,219384000
1262.2835221290588,1,2195.9367898126015,966.3317515764795,219019518
1267.619796037674,1,3486.543623688301,5775.160637716354,245176000
1269.9956800937653,1,3039.853888022828,2168.456241981527,219384000
1270.1996040344238,1,1677.548912479143,1607.420261393562,219025528
1275.437628030777,1,507.3952660292322,2391.907256013595,219002801
1276.9054222106934,1,3542.6183196993375,5784.315372271371,245176000
1278.544919013977,3,516.7439841674903,2401.0176414642765,219002801
1279.451644897461,1,2236.296617068453,1018.5364836533611,219011021
1279.5994551181793,1,3068.3310897133665,2210.7564541226848,219384000
1279.9074189662933,1,1677.5489345794626,1607.480215891549,219025528
1280.266310930252,1,2220.153193197951,1000.1964612225393,219019518
1282.1379022598267,3,528.6427966117129,2413.3649755642477,219002801
1386.909744977951,1,3822.1405578847366,5828.468637478665,245176000
1386.9098381996155,1,2357.3840095304085,1190.4308920984488,219011021
1386.9098801612854,1,3313.575709902193,2547.150302061528,219384000
1386.9099941253662,1,4161.137401554417,5882.782398459973,245176000
1386.91002202034,1,3364.580086302454,2612.145965312702,219384000
1386.9100501537323,1,1677.549686475486,1609.518668814595,219025528
1386.9102840423584,3,2380.3291258016816,1228.2498191513187,219011021
1386.9103181362152,3,2383.7285578134433,1234.3032852890897,219011021
1386.9104561805725,1,4216.362052634468,5891.276335771105,245176000
1389.5951030254364,1,3394.759411181715,2652.7010939073843,219384000
1389.9209480285645,1,1677.549686475486,1609.518668814595,219025528
1396.9628040790558,1,4275.834939220057,5900.5432469135885,245176000
1398.5098371505737,1,3424.511956706074,2689.300512075405,219384000
1399.1032469272614,1,1677.549708604592,1609.578623312499,219025528
1405.5041019916534,1,4326.386782137259,5908.324051443298,245176000
1408.3483521938324,1,1677.5497971294026,1609.8184413035217,219025528
1408.5393030643463,1,2412.624361694916,1286.7464486520014,219011021
1408.8339149951935,1,3458.5149325637876,2730.6312434260244,219384000
1414.2371010780334,1,4381.611251418775,5916.637583930693,245176000
1416.6347970962524,1,1677.5498635309891,1609.998304796801,219025528
1418.0798380374908,1,3488.267982849785,2766.9898751611654,219384000
1423.820522069931,1,4435.986715796297,5925.251641369923,245176000
1425.2231361865997,1,1677.9747112015275,1610.3578749148646,219025528
1426.4331860542297,1,3512.4967580338825,2798.2575753779565,219384000
1435.2208919525146,1,3540.976304865978,2834.7359811467736,219384000
1435.7706398963928,1,1678.399603193493,1610.8373539354745,219025528
1437.9553101062775,3,1678.399603193493,1610.8373539354745,219025528
1438.0290079116821,3,1678.399603193493,1610.8373539354745,219025528
1441.9077141284943,1,4545.5868132557225,5942.238285296664,245176000
1442.9672169685364,3,1678.3996917868967,1611.0771718794513,219025528
1444.5982611179352,1,3569.456039670691,2871.034124443742,219384000
1444.9075000286102,3,1678.3997360888552,1611.1970808517885,219025528
1451.9525411128998,1,4605.484796558088,5951.682947595532,245176000
1453.5185329914093,1,3599.209706077287,2906.5518780067277,219384000
1454.1140081882477,1,1678.8245617010448,1611.4966963030433,219025528
1462.104313135147,1,1678.824672490599,1611.7964687041385,219025528
1463.781655073166,3,1678.824716812136,1611.9163776643582,219025528
1463.8384189605713,1,3633.2132509824396,2945.661934330311,219384000
1463.9142589569092,3,1678.824716812136,1611.9163776643582,219025528
1468.6478879451752,3,-312.8257569353923,2205.2135721378704,255806328
1469.4567749500275,1,4708.288085025052,5967.599133174092,245176000
1471.624934911728,1,1679.2494981453256,1612.096084067391,219025528
1473.0841920375824,1,3665.090083476407,2979.6790260885355,219384000
1478.8104510307312,1,4768.186383037603,5977.222822310062,245176000
1480.215343952179,3,1679.249631144642,1612.4558109137815,219025528
1482.1479940414429,1,3696.5418040304926,3012.7370859492976,219384000
1490.7621190547943,1,1679.2497419999559,1612.7555832853145,219025528
1496.907308101654,1,4876.512665775291,5994.268499045517,245176000
1499.2828149795532,1,1679.2498528760661,1613.0553556573464,219025528
1500.3528561592102,1,3758.597881984925,3080.7100753006707,219384000
1506.1561081409454,1,4930.887907438308,6002.581039288629,245176000
1508.3733372688293,1,3783.675569256684,3108.0783233739476,219384000
1509.1177570819855,1,1679.6746786179347,1613.3549708688963,219025528
1515.5002419948578,1,4984.4139840362495,6011.074269018085,245176000
1517.1268610954285,3,1680.0995931279745,1613.8944038727402,219025528
1518.8311710357666,1,3821.080217517542,3149.339995441106,219384000
1526.6301109790802,1,1680.9492669465003,1614.5535884087376,219025528
1528.07559299469,1,3852.109828467389,3184.1936933526745,219384000
1533.8153631687164,1,5092.3150513136425,6027.639567166023,245176000
1535.2145290374756,1,1681.7990074883246,1615.39263600513,219025528
1537.1497659683228,1,3883.989461411776,3219.4657359315197,219384000
1537.3790850639343,1,2567.726079648763,1535.7607652666388,219011021
1545.2091391086578,1,3912.0439401361214,3250.725225592915,219384000
1545.7666199207306,1,1682.2240555675112,1616.2917951481709,219025528
1551.9138901233673,3,5198.942878652024,6044.804864221374,245176000
1554.280601978302,1,1682.2243222875034,1617.011248349418,219025528
1555.357143163681,1,3946.0492763473617,3288.092009105864,219384000
