time,N,E,heading
0.28632402420043945,-12.087457234187905,17.821412802687306,191.6
2.0965871810913086,-12.273018570787208,17.92623307344422,191.8
3.027323007583618,-12.273018763109985,17.926233353780372,191.8
4.856364011764526,-12.273018138800065,18.03105258637841,191.9
5.78678297996521,-12.273017704392874,18.135872099013202,191.9
7.596310138702393,-12.087454619436894,18.450329852711505,191.9
8.596431970596313,-12.087453538110761,18.659968577245554,191.9
10.336030006408691,-12.08745263632537,18.869607590442772,191.9
11.336446046829224,-12.08745172431879,19.07924660378163,192.0
12.156348943710327,-12.087450802487364,19.288885617274165,192.0
13.066466093063354,-11.901888105592178,19.49852380159052,192.0
14.086160898208618,-11.901887635733207,19.603343303659297,192.1
14.906553983688354,-11.901886688547542,19.812982307909103,192.2
15.836360931396484,-11.901885731537035,20.02262131231258,192.3
16.836270809173584,-11.901885249099742,20.12744081456443,192.4
17.656198024749756,-11.9018847643263,20.232260316971317,192.5
18.606507062911987,-11.901883787185849,20.441899321215665,192.6
20.42617702484131,-11.901883294485408,20.546718823381934,193.0
21.356056213378906,-11.901882799803222,20.651538325488048,193.17603482592995
23.186527967453003,-11.901881616101257,20.861177003597348,193.5
24.116141080856323,-11.71631916793196,20.965995284366613,193.7
25.926769971847534,-11.530756395136905,21.175633372854634,194.2
26.8562171459198,-11.530756214276309,21.175633041480175,194.4
28.686325073242188,-11.345193773609328,21.280451291784146,194.9
29.61624312400818,-11.15963201853791,21.28045038667134,195.2
31.426366090774536,-10.974069752549937,21.385268954816585,195.6
32.387553215026855,-10.974069752549937,21.385268954816585,195.8
34.186310052871704,-10.788507483854819,21.490087514003875,196.3
35.117430210113525,-10.788506966109335,21.59490698298611,196.5
36.92683506011963,-10.602944002635205,21.80454465215618,196.9
37.87639904022217,-10.417381729328397,21.90936318284964,197.1
39.68636703491211,-10.23181929072781,22.014181360500935,197.5
40.616098165512085,-10.046257012043728,22.118999872052807,197.6
42.42626905441284,-9.860693505014769,22.43345691036576,197.8
43.41607213020325,-9.860692421594273,22.643095793664166,197.9
45.166473150253296,-9.489567289725706,22.95755216558759,198.1
46.16621017456055,-9.489566587843289,23.062371237832565,198.2
46.986639976501465,-9.304003732265326,23.272009110121303,198.2
48.01909804344177,-9.304002463156671,23.48164759611973,198.3
48.91627597808838,-9.118439734053425,23.69128580900668,198.4
49.73640513420105,-9.11843830411237,23.900923905674063,198.4
50.666237115859985,-8.932874832925325,24.215381132486993,198.5
51.666383028030396,-8.747311791527657,24.42501854066005,198.5
52.506304025650024,-8.561748879632546,24.634656309373526,198.6
53.436145067214966,-8.561747690812933,24.844295117055687,198.7
55.26701211929321,-8.190621814946304,25.26357058379596,199.0
56.196351051330566,-8.005058864302129,25.47320828997477,199.1
58.00706696510315,-7.633932807402232,25.892483244572393,199.4
58.95635008811951,-7.4483699446085865,26.102121302715798,199.6
60.766210079193115,-6.891682106162154,26.521395012182097,200.0
61.696402072906494,-6.706119095941073,26.73103259929167,200.2
63.506736040115356,-6.149432060290863,27.045487644314377,200.7
64.45612406730652,-5.9638690208446725,27.25512517707069,200.9
66.26625204086304,-5.407181758181142,27.569579251978514,201.3
67.19708299636841,-5.036056964756359,27.779215541722067,201.6
69.00661206245422,-4.479369687074865,28.09366947008275,202.2
69.95615220069885,-4.2938065361156355,28.30330642835721,202.5
71.76619100570679,-3.7371193071457114,28.61776066611806,203.0
72.69646120071411,-3.36599516524484,28.722577505855494,203.3
74.50614619255066,-2.809308602022835,28.9322123620486,204.0
75.45626902580261,-2.43818379163924,29.14184886040512,204.3
77.26620817184448,-1.6959347894148138,29.45630206988906,205.0767199190133
78.21631908416748,-1.3248099047697544,29.66593802054408,205.4
80.01630902290344,-0.5825615424708523,29.875571394447103,206.27576699858767
81.00781011581421,-0.21143663520845735,30.08520725620955,206.7
82.74653506278992,0.7163749406781612,30.504477574900974,207.5
83.7664840221405,1.087499893426692,30.71411380140823,208.0
84.56632709503174,1.4586248706672684,30.923749998461908,208.4
85.49603414535522,2.0153123275673615,31.238203506754495,208.9
86.49628019332886,2.386437313105656,31.447839134213226,209.3
87.3365421295166,2.7575630690845934,31.76229385967664,209.8
88.25629186630249,3.31425053747261,32.07674666532027,210.3
89.26638293266296,3.685376333333135,32.39120126529476,210.8
90.08636808395386,4.242063891952668,32.70565442099107,211.3
91.03626298904419,4.613189734475778,33.02010890072546,211.8
92.00634717941284,4.98431552245145,33.33456280544653,212.37705681594827
92.82650303840637,5.355441404803642,33.649017173475116,212.9
93.7763741016388,5.726567309889763,33.963471487444515,213.4
95.58627700805664,6.65438175677745,34.69719752107111,214.4
96.54641318321228,7.211070315559311,35.116469186538154,214.97659284396022
98.34637904167175,8.13888508586508,35.85019528583194,216.0
99.27759909629822,8.695572758933888,36.16464711308029,216.5
101.08683800697327,9.623387732444325,36.89837275626256,217.6
102.03631901741028,9.994513880499007,37.21282649137692,218.1
103.84621024131775,10.92232815375701,37.841732783556964,219.2
104.77626204490662,11.479017397257923,38.261004847981944,219.7
106.6063859462738,12.40683337630419,39.099547338870785,220.8
107.53678917884827,12.963522591257334,39.518818527783424,221.3
109.34637403488159,13.705777261080641,40.35736279436587,222.4
110.28644514083862,14.262466630490438,40.776633724025494,222.9
112.10635304450989,15.190283305986245,41.61517576973946,223.9
113.03628015518188,15.746973591283293,42.13926459150422,224.5
114.84613800048828,16.860351251679816,42.872985434312376,225.6
115.83626508712769,17.417040647924576,43.29225510858875,226.2
117.58648824691772,18.530420627166816,44.23561289524956,227.3
118.58650398254395,19.27267113854088,44.55006229061614,227.9
119.40662097930908,19.82936039639528,44.96933082238232,228.5
120.3161301612854,20.386050317435092,45.388600653290766,229.2
121.32737112045288,20.94274029571021,45.8078703906204,229.8
122.15676808357239,21.49942888577079,46.12232061995121,230.5
123.08618402481079,22.056118615154336,46.54158944654156,231.1
124.07611203193665,22.798370145874372,46.96085616881607,231.8
124.90716600418091,23.355058822380848,47.27530611679453,232.6
125.85645699501038,23.911748665022305,47.694574617852226,233.3
126.83636403083801,24.468440088603298,48.218662386564645,234.07685673072336
127.66630721092224,25.210691401045327,48.63792783720881,234.7
128.69696688652039,25.767382555311578,49.16201457541389,235.5
130.4264211654663,26.695202876753804,50.21018900033874,236.9
131.37599110603333,27.251892995077405,50.62945679957736,237.6758573692932
133.19757223129272,28.179712393981653,51.57281198894208,239.2
134.12640595436096,28.921964845417765,51.99207806646249,240.0
135.93635511398315,30.035345470114436,52.83061267508656,241.7
136.86636400222778,30.77759808460471,53.24987838655888,242.5
138.6761212348938,31.890978971556994,54.088412330538965,244.37511457461352
139.6263771057129,32.63322993069688,54.40285839978955,245.3
141.43626308441162,33.746610510972495,55.2413908283703,247.2
142.3865029811859,34.48886154311446,55.555836562589015,248.2
144.17626190185547,35.787803829903396,56.289549326742375,250.1
145.1262972354889,36.34449454944479,56.70881548271278,251.1
146.9369261264801,37.64343787458784,57.547345025779606,253.1
147.8663399219513,38.385691080936446,57.96660928416418,254.1
149.67623901367188,39.499073699044814,58.90995791382678,256.2
150.67868399620056,40.241327068443226,59.329221783440914,257.2
152.41620898246765,41.354712053362526,60.37738880168751,259.3
153.40682101249695,41.9114046421602,60.90147211012882,260.4
154.23640394210815,42.46809581751654,61.32073709588258,261.47667367067663
155.1672511100769,43.21035028653632,61.84481751936407,262.5
156.1562581062317,43.76704155437438,62.26408225996755,263.5
156.98635911941528,44.3237336776793,62.78816405574749,264.5
157.91909193992615,44.88042654697849,63.31224669168823,265.5
158.9064269065857,45.43711948225639,63.836329193824945,266.4
159.75668096542358,45.80824916840453,64.25559619282822,267.3
160.68642807006836,46.36494148878994,64.77967744971255,268.2
162.51654505729675,47.2927636740086,65.72302527472394,269.7
163.44620013237,47.663894375232104,66.2471089450147,270.5
165.2562770843506,48.59171759155362,67.19045717562265,271.8
166.20629501342773,48.77728592206208,67.71454235465971,272.476890883871
168.0164670944214,49.51954932654813,68.76271093350891,273.7
168.94898796081543,49.89067946147708,69.18197708786006,274.3
170.75608611106873,50.447379780423546,70.1253301490277,275.47530266343824
171.7066740989685,50.81851174125063,70.6494140773702,276.0
173.51627397537231,51.37521227074881,71.48795102153858,277.2
174.44827389717102,51.746341867747546,71.90721565417313,277.8
176.25624704360962,52.30304114639265,72.85056570193844,279.0
177.21629405021667,52.6741716698655,73.26983123447695,279.6
179.00645399093628,53.41643199690291,74.10836092662649,280.9
179.97402501106262,53.973125228768694,74.52762423434856,281.50026878055434
181.7664020061493,54.71538663657941,75.36615462202347,282.8
182.69601798057556,55.086519224595285,75.89023758332009,283.5
184.5263090133667,55.82878177114702,76.72876872529085,284.8
185.45689916610718,56.199911791321014,77.14803238883651,285.4
187.2661530971527,56.75661106689137,77.98656399981238,286.8
188.23643016815186,57.1277420789904,78.40582866118434,287.5
190.007639169693,57.870006128597204,79.34917557535036,288.9
191.0161612033844,58.24113727295871,79.7684400136447,289.7
191.81624603271484,58.61227038712984,80.29252216861889,290.3760602286611
192.74622225761414,58.983404486086386,80.81660549867229,291.2
193.7463150024414,59.35453577782903,81.23586971168623,292.0
194.58628296852112,59.540107318468685,81.75995509411987,292.7
195.4961130619049,59.911238701430406,82.17921917320673,293.5
196.49633598327637,60.09681130064202,82.70330574229038,294.3
197.33702898025513,60.46794277827848,83.12256969434975,295.1
198.26629090309143,60.65351550233253,83.6466561793042,295.9
200.08632612228394,61.39578468456037,84.69482185983328,297.47701852948745
201.03609704971313,61.76691637374848,85.11408553719899,298.2
202.84623003005981,62.32362321881374,86.1622530962764,299.8
203.77618312835693,62.509197453837224,86.79115565812728,300.6
205.5862431526184,63.06590472492885,87.8393228673903,302.3
206.53644919395447,63.4370398447416,88.36340519571158,303.1
208.34661197662354,63.993748671909444,89.5163883124037,304.9
209.27643013000488,64.17932223780373,90.0404742511292,305.7770839708397
211.10617923736572,64.55046856193535,91.0886446191252,307.5
212.03644609451294,64.73604030184916,91.6127275990955,308.4
213.8463089466095,65.29274879447227,92.66089378272851,310.0
214.77633118629456,65.4783217367909,93.18497803974577,310.87554301482777
216.60611414909363,65.84946781282702,94.23314641942383,312.5
217.5362310409546,66.03504218864256,94.86204668487406,313.3
219.3463430404663,66.22062792113539,95.9102203518681,314.8
220.29612708091736,66.22063819732526,96.3294923462177,315.6
222.10639691352844,66.40622091299298,97.27284681984867,317.1
223.03613805770874,66.59179441428401,97.79693075479102,317.8
224.84701800346375,66.59181670846192,98.74029083035956,319.2
225.83630299568176,66.77739143558658,99.26437624195104,319.8
227.58645009994507,66.77741405041337,100.2077363298326,321.1
228.57629489898682,66.77742612018588,100.73182440454207,321.7
229.4067919254303,66.96299761323307,101.15109056206524,322.3
230.31612396240234,66.96300840515275,101.57036259296918,322.9
231.32654809951782,66.96301713677894,101.9896314464498,323.5
232.15606093406677,66.96302695959807,102.40890188887911,324.1
233.0863401889801,66.96303787240126,102.82817393961251,324.7
234.08616089820862,66.96304777527428,103.24744438819795,325.2
234.90913009643555,66.96306021017129,103.77153244922593,325.7
235.85602402687073,67.1486319973657,104.19079846589906,326.3
236.83634686470032,67.14864203121527,104.61006889672585,326.9
237.66607308387756,67.14865210557424,105.02933932801764,327.5
238.59606790542603,67.14865863541431,105.343790503109,328.1
240.4264531135559,67.33424031690456,106.07751255227836,329.2
241.37681603431702,67.33424797470327,106.39196536694494,329.8771913110883
243.18620705604553,67.51982772949833,107.12568404451625,331.2
244.11634516716003,67.51983804577873,107.54495444632161,331.9759091421018
245.93632006645203,67.89097872645473,108.27866674415374,333.5754374217772
246.88632988929749,68.07655094793087,108.69793248009235,334.3
248.67631697654724,68.63325097457374,109.32682233118264,335.9
249.62711095809937,68.81882065675094,109.64127037887167,336.7
251.43645119667053,69.37552188787149,110.27016170286193,338.4
252.3763039112091,69.74665233800644,110.58460322310646,339.3
254.1762399673462,70.30335479848083,111.21349602258157,341.0765814750054
255.12718391418457,70.67448373167056,111.42312160432864,341.9
256.9369020462036,71.41674701248631,112.05200766693127,343.6
257.8669378757477,71.787877562387,112.36644886066082,344.4
259.6775209903717,72.71570433480917,113.10014548759585,345.9
260.66614603996277,73.27239786127349,113.4145834219589,346.7
262.4163908958435,74.01465908754139,114.04346518359361,348.1
263.4062669277191,74.57135266533675,114.35790289434459,348.8
264.2364640235901,74.94248173060303,114.56752798983979,349.4
265.16624999046326,75.49917258859347,114.77714816758733,350.1
266.1564931869507,75.87030167562301,114.98677318305838,350.7
266.9868731498718,76.42699135555505,115.19639146081143,351.3
267.91640305519104,76.98368344358175,115.40601328888809,351.9
269.0170650482178,77.35480978248961,115.51082082512082,352.5
269.7561831474304,77.91150190856764,115.72044257678074,352.9
270.68651604652405,78.46819283419167,115.93006246785615,353.4
272.5163059234619,79.58156912732167,116.13966748497639,354.3
273.44710302352905,80.32381906800015,116.24446500862466,354.7
275.25621724128723,81.43719258272546,116.34925259871011,355.5
276.20635509490967,82.17944252851697,116.45405004186888,355.9
278.01673913002014,83.29281455735465,116.45402214177325,356.6
278.9465980529785,83.84950404201768,116.55882630609844,356.9
280.75639605522156,85.14843660088837,116.55879159970146,357.6
281.70645403862,85.70512612685721,116.66359570858516,357.9
283.51635003089905,87.00406287487816,116.76837992666688,358.5
284.4465239048004,87.74631007577639,116.76836005877166,358.8
286.25638818740845,89.23080868679787,116.87313922804053,359.4
287.2061059474945,89.97305449108337,116.87311751404975,359.77621947589626
289.0164361000061,91.4575503344497,116.87307957065617,0.476569374654389
289.94665718078613,92.19980036151696,116.9778766925419,0.8
291.776260137558,93.86986222924135,117.18746584421726,1.5
292.70643401145935,94.6121137495734,117.29226468916269,1.9
294.516135931015,96.09661517738073,117.60667368153453,2.6
295.44672322273254,97.02442703369064,117.7114655599167,2.9755941245756254
297.27669405937195,98.69449049658924,117.92105604310956,3.7
298.2463409900665,99.43674340582555,118.13066964952465,4.1
299.99662017822266,101.10680821840577,118.44507481018137,4.9
301.0064699649811,102.03462296506596,118.65468316406029,5.3
301.8162078857422,102.96243486710478,118.75947467817133,5.7
302.7480478286743,103.70468782215563,118.96908793671074,6.1
303.73618507385254,104.63250095689509,119.17869419039873,6.4
304.58645606040955,105.56031286197758,119.28348552894045,6.8
305.5061390399933,106.48812597079134,119.49309161786448,7.1
306.4971091747284,107.23037894154498,119.702704575442,7.478382695149162
307.32679986953735,108.15819372677342,119.91231236134148,7.8
308.27618527412415,109.08600681564488,120.12191817867571,8.1
309.2560861110687,109.82825808530544,120.331529018787,8.476285680233598
310.08641600608826,110.75607287637126,120.54113653929979,8.7
311.0173981189728,111.6838876786318,120.7507439703599,9.0
312.8473742008209,113.35395373881816,121.1699618241962,9.5
313.7760589122772,114.28176856188615,121.37956899343166,9.7
315.60635709762573,116.13739823905,121.79878306459106,10.2
316.53613805770874,117.06521016252142,121.90357356302826,10.4
318.34622287750244,118.73528182011233,122.3227961737421,10.7
319.28643584251404,119.66309566662774,122.42758841653526,10.9
321.1062788963318,121.33316373875547,122.84680677009058,11.2
322.0371022224426,122.26097574072706,122.95159692565582,11.3
323.8462860584259,124.30216257739755,123.26598617005305,11.6
324.79621720314026,125.22997754294425,123.47559237391161,11.7
326.6066119670868,127.27116634319313,123.78998308269801,11.9
327.53626704216003,128.38453815507134,123.89476568486944,12.0
329.3460931777954,130.42572994892146,124.31397204889473,12.0
330.336403131485,131.5391037747637,124.41875637788267,12.0
332.08646988868713,133.7658553363056,124.83795493066215,12.0
333.0863461494446,134.8792321682903,125.04755501943103,12.1
333.9109561443329,135.99260600290307,125.1523390525102,12.0
334.82614398002625,137.10598070098928,125.36193699305446,12.0
335.83640813827515,138.40491934731284,125.57153144278227,12.0
336.6561951637268,139.51829620481038,125.78113111872793,12.0
337.5863790512085,140.6316730706229,125.99073068682372,11.9
338.58633613586426,141.7450477278846,126.20032817407245,11.8
339.4166510105133,143.043986402524,126.40992214776331,11.8
340.3563210964203,144.1573632905135,126.61952138320058,11.7
342.18615984916687,146.56967355003263,126.93389645143799,11.5
343.11623883247375,147.8686099311359,127.14348798286743,11.4
345.1275038719177,150.28092081832875,127.56267607776174,11.2
345.86645889282227,151.57985949149526,127.77226922235897,11.2
347.686439037323,154.17773688115017,128.1914551373862,11.0
348.6162819862366,155.47667559218405,128.40104790748208,10.9
350.4262011051178,158.0745536736536,128.9250464652347,10.8
351.3770260810852,159.37349241052635,129.1346388263835,10.7
353.1864221096039,162.15693482149638,129.6586329717674,10.5
354.11789107322693,163.45587616381508,129.86822694973336,10.4
355.92902302742004,166.23931507088577,130.18259175691875,10.3
356.8761212825775,167.5382596825993,130.49700058161483,10.2
358.68773198127747,170.3216992775354,130.91617778381857,10.1
359.6160910129547,171.80619999469377,131.12576339539171,10.1
361.42620396614075,174.5896424049964,131.54494184403785,10.0
362.38621282577515,176.07414318575277,131.75452703970652,10.0
364.1862061023712,178.85758260826137,132.0688897777334,9.9
365.11656188964844,180.34208627523935,132.27847666256343,9.9
366.9465889930725,183.1255262222639,132.69765151679667,9.8
367.91641187667847,184.61003321402728,133.01205277589114,9.8
369.66634821891785,187.57903217167507,133.43121899525912,9.8
370.6712191104889,189.06353608136308,133.64080502168932,9.8
371.4864809513092,190.73359888375057,133.85038312443487,9.8
372.41635298728943,192.21810289348926,134.0599688662077,9.8
373.4065601825714,193.70260696411205,134.2695544725882,9.8
374.246474981308,195.37267292330108,134.47913422149276,9.7
375.1765720844269,196.85717711653817,134.68871954620846,9.7
376.15640807151794,198.52724009264506,134.89829688611908,9.7
377.0064070224762,200.1973094694419,135.21269059328444,9.7
377.93627405166626,201.681810668487,135.4222733359031,9.7
379.7663700580597,205.02194326190005,135.94624326105563,9.8
380.69631600379944,206.69200637124544,136.1558197339788,9.7
382.5062880516052,210.21769446212684,136.67977842479124,9.7
383.4561810493469,211.88776088456106,136.99416849685704,9.7
385.2670621871948,215.41345234527608,137.5181280157107,9.7
386.19624614715576,217.2690806787923,137.8325115285723,9.8
388.0067081451416,220.79477213233582,138.4612814765635,9.9
388.95744585990906,222.83595886850648,138.7756561211097,9.9
390.76647305488586,226.3616573855915,139.40442883086712,10.0
391.69619607925415,228.4028441180243,139.7188026181533,10.1
393.5266592502594,232.1140974526138,140.34756341657095,10.2
394.46646308898926,233.96972594962256,140.66194450703077,10.3
396.27663803100586,237.8665374109945,141.29069545486828,10.4
397.2064940929413,239.72216593583389,141.6050757195426,10.4
399.016371011734,243.61898108043016,142.23382717111312,10.6
399.9470200538635,245.66016763954235,142.54819832114433,10.6
401.77650809288025,249.55698274099905,143.17694803953842,10.7
402.70675683021545,251.59817317227862,143.49132054018716,10.7
404.5162880420685,255.49499283854192,144.01525996983685,10.8
405.50626516342163,257.53617991274643,144.22481862996514,10.8
407.2563500404358,261.61856106801963,144.85356121550862,10.9
408.24624395370483,263.65975582170444,145.16793433755774,10.9
409.0762209892273,265.8865083410036,145.4822987106328,10.9
409.9862952232361,267.9277025560473,145.9014817417389,10.9
410.99633407592773,269.9688890719901,146.21584936541865,10.9
411.82610416412354,272.0100840799132,146.53022126949548,11.0
412.7564260959625,274.2368359550722,146.9493946716057,11.0
413.74639916419983,276.278034635495,147.36857851196987,11.0
414.5764560699463,278.5047873522914,147.68294085207367,11.0
415.5262768268585,280.54598181878765,148.1021216402587,11.1
416.5062310695648,282.58717632830917,148.52130203631404,11.2
417.3361179828644,284.6283628477968,148.8356673359456,11.2
418.2664442062378,286.85511566321793,149.15002831990395,11.2
420.0964481830597,291.12306674830444,149.98838013197286,11.3
421.0261290073395,293.34981506993824,150.30273770818297,11.3
422.8562910556793,297.8033281903242,151.14108070065402,11.4
423.7862641811371,300.0300905871893,151.45544429109344,11.5
425.59616804122925,304.6691611844685,152.29377598788616,11.57577694146607
426.5463399887085,306.8959227928848,152.71294798915574,11.6
428.3563139438629,311.34943291719037,153.44647420930391,11.8
429.28638219833374,313.57618988304125,153.86564259729005,11.8
431.0962870121002,318.21527079881855,154.70397392845888,12.0
432.0468192100525,320.62759110122124,155.0183253352805,12.1
433.85633993148804,325.26665859958155,155.75183785177947,12.3
434.7862238883972,327.678977724252,156.17099708830034,12.3
436.5963599681854,332.5036071386125,156.9045004884359,12.5
437.58664107322693,334.9159211115578,157.32365592408786,12.6
439.3361439704895,339.7405596313082,158.16197031300916,12.7
440.32646203041077,342.1528789636476,158.58112681189095,12.7
441.1563889980316,344.7507547975443,159.00027359576615,12.7
442.0864510536194,347.1630703598919,159.31461827292674,12.8
443.07694602012634,349.57539527294074,159.7337759126652,12.8
443.90790605545044,352.1732766477911,160.1529237836772,12.8
444.84625482559204,354.58560177469894,160.57208049757094,12.8
445.8275411128998,357.1834850225905,160.8864192789094,12.9
446.67656087875366,359.59580475488247,161.305572606922,12.9
447.60620284080505,362.1936864011124,161.72471859169713,12.9
448.5964460372925,364.79156809939127,162.1438640767504,12.9
449.4262390136719,367.3894498444273,162.56300906229166,12.9
450.35624504089355,369.9873316413864,162.98215354879267,12.9
452.1861791610718,374.9975452733395,163.8204531175258,13.0
453.1164040565491,377.59542730108217,164.2395961364652,13.0
454.9266891479492,382.79119150923657,165.07788067623693,13.0
455.87663221359253,385.3890797304497,165.49702478598556,13.0
457.68606209754944,390.5848504425899,166.3353089441514,13.0
458.61609721183777,393.36830090466697,166.75444449435605,13.0
460.4277169704437,398.56406373898733,167.69753006961173,13.0
461.3763220310211,401.1619463119658,168.11666852670555,13.0
463.18624901771545,406.54328624242106,168.95494204097412,13.0
464.1166169643402,409.1411731163394,169.47888839086926,13.0
465.92645621299744,414.52250898420954,170.52677196221595,12.9
466.8760299682617,417.3059579779549,171.05070913965812,12.9
468.68793392181396,422.687290151841,171.99377973991733,12.9
469.61749792099,425.28517997726294,172.4129160289486,12.9
471.44643688201904,430.6665209297494,173.5656009965997,12.9
472.42712807655334,433.44997301002604,173.98472821174104,12.9
474.16667103767395,438.83131031973187,175.03260041467803,12.9
475.17698407173157,441.61475311732886,175.5565290656247,13.0
475.986536026001,444.39819863856553,175.97565123638475,13.0
476.91658902168274,447.1816414418696,176.49957859359722,13.0
477.9088430404663,449.9650912859822,177.02350803477137,13.0
478.75654315948486,452.7485341051565,177.54743402968836,13.0
479.67642402648926,455.71753167299875,178.07134897831912,13.0
480.6666250228882,458.50097442026504,178.595273572282,13.0
481.496689081192,461.46998335825776,179.2239979907515,13.1
482.44626116752625,464.25343040922166,179.8527291845739,13.1
483.42608308792114,467.03688046421803,180.3766543847915,13.1
484.2574460506439,470.0058894661041,181.00537631200154,13.1
485.1861219406128,472.78933963969325,181.5293000774751,13.1
487.0160892009735,478.5417914857321,182.68193983547536,13.1
487.946485042572,481.32524180731724,183.20586148863924,13.1
489.7569270133972,487.07770899143173,184.35850245757217,13.1
490.706228017807,490.04671820001545,184.98721869244224,13.1
492.51634216308594,495.98475550393863,186.13984998085664,13.0
493.446918964386,498.95376487136446,186.76856369079496,13.0
495.27640199661255,504.8917949505051,187.92118728774284,13.0
496.2062611579895,508.04638224406324,188.54989634021155,13.0
498.0161039829254,513.9844129621106,189.70251512543143,13.0
498.94663882255554,516.7678688423367,190.33123483333856,13.0
500.77654504776,522.8914702066379,191.48384373692028,13.0
501.70700192451477,525.8604837144779,192.0077462825072,13.0
503.5164349079132,531.7985239304144,193.1603586900314,13.0
504.5072090625763,534.7675423790819,193.78906539754735,13.0
506.25643706321716,540.891141498674,195.04646794585278,13.0
507.2465102672577,544.0457259980741,195.5703606502691,13.0
508.0775330066681,547.2002982314399,196.19905254459087,13.0
508.99642395973206,550.1693171838755,196.82775496273274,13.0
509.99655199050903,553.3239020869329,197.35164529125296,13.0
510.827917098999,556.4784919201873,197.980340725426,13.0
511.7562439441681,559.6330644136674,198.60902905560704,13.0
512.7463581562042,562.6020878485571,199.13292546687785,12.9
513.578222990036,565.7566645094066,199.65680956369317,12.9
514.5262269973755,569.0968079844811,200.28548992913676,12.8
515.506334066391,572.0658228877055,200.80938095498846,12.8
516.3360981941223,575.2203956148999,201.43806494682593,12.8
517.2663481235504,578.3749774166118,202.06675117076094,12.8
519.0964810848236,584.6841272830402,203.21931254248227,12.7
520.0267899036407,587.8387093346785,203.8479961030426,12.8
521.8562288284302,594.1478545879127,204.89574741356097,12.7
522.788223028183,597.4879987998906,205.5244196430715,12.7
524.597570180893,603.9827111819233,206.67696207648254,12.7
525.5464110374451,607.1372697069557,207.20082922801157,12.7
527.366222858429,613.6319821652927,208.3533665335996,12.7
528.2864351272583,616.7865551753453,208.9820388873122,12.7
530.0961790084839,623.2812678411533,210.13457092512468,12.6
531.0462439060211,626.4358310810752,210.76323725479244,12.6
532.8562700748444,632.7449621073272,211.9157663926864,12.6
533.7861268520355,635.8995450405773,212.54443661397232,12.6
535.5966658592224,642.2086908833649,213.59216345855904,12.6
536.5869340896606,645.3632587871481,214.116024057014,12.6
538.3366069793701,651.8579922593383,215.26854740337683,12.6
539.326150894165,655.0125807933139,215.79241235431363,12.6
540.1563458442688,658.1671591882184,216.31627317950944,12.5
541.0866272449493,661.5073047811275,216.94492732164628,12.5
542.0760340690613,664.6618833433463,217.46878653251434,12.6
542.9066619873047,667.816456754869,218.0974447226175,12.6
543.8382730484009,671.1566078655784,218.62129645228205,12.6
544.8266370296478,674.3111919420458,219.24995628345772,12.6
545.6775920391083,677.4657708403872,219.7738122886385,12.6
546.6066708564758,680.8059276982225,220.40246444643364,12.6
547.596846818924,683.9605068133211,220.92631884549593,12.524165419819122
548.4265069961548,687.3006479266429,221.45016306483635,12.6
549.3563799858093,690.4552433561894,222.07882200512253,12.6
551.1883690357208,697.1355261065003,223.12650633043143,12.6
552.1175539493561,700.2901220269558,223.75516267617468,12.6
553.9271640777588,706.7848596659928,225.11725830114284,12.5
554.8976650238037,710.125018052548,225.74590225167407,12.5
556.6864891052246,716.6197622859335,227.0031934288778,12.5
557.6165630817413,719.959909964358,227.63183100499174,12.4
559.4283132553101,726.4546550896482,228.88911658600557,12.4
560.3762519359589,729.7948031404419,229.51775130909522,12.3
562.1897218227386,736.2895376159684,230.77502768390337,12.3
563.1171181201935,739.444130072895,231.2988715706379,12.3
564.9401249885559,745.9388596686917,232.45134124677793,12.2
565.8788640499115,749.0934464254316,233.0799803579546,12.2
567.6865520477295,755.773738538896,234.2324348641169,12.2
568.6164700984955,758.9283080589803,234.75626662626937,12.124188100326725
570.466313123703,765.6086182757037,236.01352044616985,12.1
571.376757144928,768.7632056372449,236.64215414397756,12.1
573.1869399547577,775.2579426374048,237.8994086881891,12.0
574.1289632320404,778.4125181129386,238.52803589862236,12.0
575.9481010437012,784.9072498834979,239.68048448677632,12.0
576.8772959709167,788.061819686864,240.20430871214518,11.9
578.6880531311035,794.5565452362305,241.46154856842503,11.9
579.6166460514069,797.8966953257095,242.09016382018467,11.8
581.4880919456482,804.3914212537387,243.34739798203785,11.7
582.4667220115662,807.5459969931271,243.97601692510608,11.7
584.2066838741302,814.0407359627454,245.23324926209082,11.6
585.1606090068817,817.1953059110031,245.75706584947386,11.6
586.9267399311066,823.6900324726855,247.01428886667819,11.6
587.8765330314636,826.8446024292857,247.53810296197196,11.6
589.6865952014923,833.3393493885768,248.69052908869475,11.7
590.6168031692505,836.4939385410146,249.31914377892986,11.8
592.4375510215759,842.8031243554844,250.47157540455726,11.8
593.3764400482178,845.9577138577981,251.1001874513222,11.9
595.1878819465637,852.2668737534018,252.25260615187074,11.9
596.1167109012604,855.6070388806387,252.88120873162518,11.9
597.9465029239655,862.1017942850419,254.13841789798852,12.0
598.9207570552826,865.2563980162715,254.76702850363716,12.0
600.6866540908813,871.7511619246127,255.91943789591022,11.9
601.6864840984344,874.9057662576411,256.5480458788161,11.9
602.4965319633484,878.0603646151176,257.07185486400215,11.9
603.4070348739624,881.2149693436049,257.70046114120527,11.9
604.4177749156952,884.5551161950139,258.22425354246,11.8
605.2539401054382,887.7097073524867,258.85285402820944,11.8
606.1673579216003,891.0498606093593,259.48144256362605,11.7
607.1766331195831,894.2044457280737,260.00524348129477,11.7
608.0079460144043,897.3590512520358,260.6338453637049,11.7
608.9365079402924,900.6992189837354,261.26243523965866,11.776238992055136
610.7571420669556,907.1939725458622,262.41482181024213,11.9
611.7065000534058,910.3485867800455,262.93862691619734,11.9
613.5167710781097,916.6577649421049,264.09101562460313,12.2
614.4466540813446,919.8123509780687,264.61481017108986,12.3
616.2594771385193,926.1215296712287,265.7671939518625,12.5
617.2074599266052,929.4616779708876,266.2909748175025,12.7
619.0165979862213,935.7708571932401,267.44335362168584,12.9
619.9468469619751,938.9254354412028,268.07193590714263,13.1
621.7768409252167,945.2346067752696,269.3291019027566,13.2
622.7065422534943,948.5747471075199,269.9576699233757,13.3
624.5167298316956,954.8839271760742,271.1100383141259,13.3
625.4465100765228,958.2240826292367,271.7386077916616,13.3
627.2787139415741,964.7188535202966,273.10055577566175,13.4
628.226578950882,968.0590093599841,273.72912231995133,13.4
630.0363001823425,974.5537659424733,275.09106001494536,13.4
631.0470862388611,977.8939134119062,275.8244150166399,13.4
632.7763350009918,984.3886706410044,277.18634649640694,13.4
633.7272870540619,987.7288647562295,277.9197112363757,13.3
635.5865080356598,994.5947693047611,279.3864124836249,13.3
636.507630109787,997.9349643168191,280.1197739241169,13.2
638.2572538852692,1004.6153396382501,281.5864891670635,13.1
639.2066912651062,1007.955488242367,282.3198341139651,13.1
641.0173399448395,1014.264709155736,283.7865580352121,13.0
641.9465670585632,1017.419311920117,284.51991619576006,13.0
643.7566869258881,1023.9141212023503,285.88183595900813,13.0
644.7063241004944,1027.06872451032,286.6151910147112,13.0
646.5375401973724,1033.3779015009793,287.8723046416786,12.9
647.4567151069641,1036.5324982056634,288.5008623326598,12.9
649.266480922699,1043.0272376466944,289.7579581226081,12.9
650.1990730762482,1045.9962631285323,290.49131495173367,12.9
652.0168700218201,1052.4910169057835,291.95799284204475,13.0
652.9570910930634,1055.6456141373412,292.5865447905875,13.1
654.766685962677,1062.1403613922066,293.94842255794,13.2
655.6966321468353,1065.2949659839005,294.6817652886692,13.2
657.5272278785706,1071.789706618896,295.93884339986545,13.3
658.4576830863953,1075.129866477233,296.5673770460229,13.4
660.2762289047241,1081.624607490655,297.82444946265485,13.5
661.2384850978851,1084.9647676162801,298.4529802359437,13.5
663.049036026001,1091.6450755759777,300.0244084668832,13.5
663.9970781803131,1094.7996395769044,300.65293947709193,13.6
665.786847114563,1101.4799431917386,301.9099871249601,13.6
666.6964349746704,1104.8201037384642,302.5385118554483,13.6
668.5264799594879,1111.5004352814667,303.69077067589825,13.6
669.456531047821,1114.6549991783854,304.3192960353889,13.6
671.2670030593872,1121.3353210977969,305.57633702137366,13.6
672.2272109985352,1124.6754895755116,306.30964825299566,13.6
674.0374250411987,1130.984657041196,307.88107112095145,13.7
675.0679850578308,1134.3248332135188,308.7191708751466,13.753622427551448
676.7785060405731,1140.8195733573932,310.18578645374606,13.9
677.7093331813812,1144.159749915058,311.02388252500003,13.9
679.5210599899292,1150.8400885388637,312.4904877219896,14.1
680.5064189434052,1154.1802655888605,313.32858010084556,14.1
682.2566730976105,1161.0461853356906,314.7951699233556,14.2
683.2467660903931,1164.3863629301898,315.63325858713097,14.3
684.0766348838806,1167.9121210658134,316.471337450418,14.3
684.9864780902863,1171.4378611267844,317.3094100207175,14.4
685.9965388774872,1174.778020889701,318.14748979641723,14.4
686.8268320560455,1178.1182099987484,318.8807873472325,14.5
687.7568469047546,1181.6439505759647,319.71885600627587,14.5
688.7468638420105,1184.984129266154,320.5569369507216,14.5
689.5767500400543,1188.3243004129874,321.29022596148894,14.6
690.5270290374756,1191.8500337647722,322.02350014544305,14.6
691.5065281391144,1195.1902051900952,322.7567868774154,14.7
692.3365490436554,1198.5303955456757,323.4900775461544,14.7
693.2671461105347,1201.8705673031077,324.22336204228907,14.8
695.0962870121002,1208.5509380090157,325.79472292315444,14.9
696.0478081703186,1212.076699181069,326.632785274933,15.0
697.8561391830444,1218.7570600038441,328.30892365996607,15.1
698.7864110469818,1222.2828027645837,329.1469769194271,15.1
700.598258972168,1228.9631261226552,330.8230971772619,15.2
701.5464980602264,1232.3033072277099,331.6611605283234,15.2
703.3566012382507,1239.1692320516227,333.3372691922798,15.3
704.2863738536835,1242.509413690174,334.17532865457133,15.3
706.096461057663,1249.3753476495244,335.9562186175672,15.4
707.0471019744873,1252.715537932389,336.8990632138594,15.4
708.8564281463623,1259.3958912774162,338.6799538316214,15.4
709.7875609397888,1262.7361019406233,339.6227994713679,15.4
711.5966169834137,1269.6019985213816,341.40366191004944,15.4
712.5967650413513,1273.1277238789921,342.24168939672035,15.3
714.3288390636444,1280.1791830610962,344.02252865962197,15.3
715.3365051746368,1283.7049287659247,344.86055730873636,15.3
716.1689250469208,1287.045100701536,345.80338217392125,15.3
717.0764191150665,1290.5708348284104,346.7461908091567,15.3
718.0866980552673,1294.096560713614,347.5842097936539,15.3
718.9171662330627,1297.4367329692554,348.52703023713434,15.3
719.8371541500092,1300.9624674085435,349.46983433474907,15.3
720.8363080024719,1304.4882224071462,350.41264235910006,15.3
721.6671690940857,1307.8283866150623,351.25067055323234,15.3
722.5969469547272,1311.3541540750268,352.0886934690594,15.4
723.5983910560608,1314.8799096930532,353.0314971274801,15.4
724.4269151687622,1318.220094956143,353.8695268113364,15.4
725.3575298786163,1321.7458217510352,354.7075345678095,15.4
727.1964750289917,1328.7973380362655,356.3835626594311,15.4
728.128082036972,1332.5086481657806,357.22155669568673,15.4
729.9370062351227,1339.5601744292424,359.00236364823473,15.4
730.8666341304779,1343.2714851779745,359.8403533984937,15.4
732.7024872303009,1350.5085538173823,361.62113074061006,15.4
733.646457195282,1354.03434549304,362.4591429201904,15.3
735.4367089271545,1361.2714067894053,364.13512508975634,15.3
736.366443157196,1364.9827099895738,364.86831992803496,15.4
738.206775188446,1372.2198026453325,366.64908584216903,15.4
739.1481401920319,1375.7455746770586,367.4870842283498,15.5
740.9380240440369,1382.982668911046,369.2678414941565,15.7
741.8677508831024,1386.6939910483593,370.2106000972905,15.7
743.67826795578,1393.9310957329344,372.0961341430643,16.0
744.6265769004822,1397.6424096367634,372.9341023693331,16.1
746.4366972446442,1405.0650339653912,374.81959955169583,16.4
747.376846075058,1408.7763664502313,375.8671339975046,16.5
749.1763029098511,1416.384607473623,377.85740220074376,16.9
750.1267862319946,1419.9103564276732,378.90494155369,17.0
751.9471650123596,1427.5185859104567,380.99997835566717,17.3
752.8763310909271,1431.2298883828162,381.94271136179736,17.4
754.6966950893402,1438.652557211149,384.037753730383,17.6
755.6275269985199,1442.5494449011824,384.9804713182401,17.7
757.4566440582275,1449.9721153055239,387.07550307279917,17.9
758.387234210968,1453.6834737049494,388.12302234582825,18.0
760.1767611503601,1461.2917402678543,390.3228170134006,18.2
761.1285610198975,1465.0030862399337,391.4751087589907,18.2
762.9363679885864,1472.4258022368763,393.7796925233645,18.3
763.896810054779,1476.322711377665,394.931961592873,18.3
765.686585187912,1483.7454200752377,397.1317500259672,18.324478600722074
766.6164209842682,1487.6423439787893,398.17923589717077,18.4
768.4263610839844,1495.0650314061913,400.37900694396154,18.4
769.3773939609528,1498.7764038847213,401.5312875332777,18.5
771.2064681053162,1506.384665093839,403.83581311417123,18.6
772.116602897644,1510.2815772667439,404.9880642697378,18.6
773.9300630092621,1517.8898642257052,407.29258410427224,18.78565508371639
774.8863770961761,1521.601225086874,408.54962917328214,18.8
776.6878819465637,1529.2095143479523,410.8541368977552,19.0
777.6262600421906,1532.92085232736,412.1111692426575,19.1
779.4472200870514,1540.3435432648253,414.5204516855664,19.3
780.3806810379028,1544.2404684379749,415.77746640971094,19.4
782.1867489814758,1551.6632056522917,418.39630663969643,19.6
783.1166729927063,1555.5601076205883,419.6533080701704,19.7
784.948814868927,1563.1684093362742,422.2721168865417,20.0
785.8770370483398,1567.065336811679,423.5291180785674,20.2
787.6877250671387,1574.673690349582,426.1479265487393,20.6
788.6564359664917,1578.5706293968658,427.50970227266146,20.8
790.4292411804199,1586.3644985002497,430.12846532630476,21.3
791.416296005249,1590.0759265272268,431.4902657013944,21.5
792.2689218521118,1593.9728778537956,432.956812788074,21.7
793.177973985672,1597.8698443086869,434.31858323098106,21.9
794.1866629123688,1601.7667715803195,435.78511837263386,22.1
794.9970350265503,1605.6637139120335,437.14687705796143,22.3
795.9089410305023,1609.5606672288864,438.61341384242553,22.4
796.9183309078217,1613.2720588660063,440.07996673400635,22.6
797.7468109130859,1617.1689772525467,441.44171107966156,22.7
798.687952041626,1620.8803698232236,442.9082589800108,22.9
799.6882820129395,1624.777299631843,444.37477851947324,23.0
800.5169820785522,1628.6742553629176,445.8413023649465,23.1
801.4463970661163,1632.3856601643486,447.4126226077773,23.2
803.2571401596069,1639.9940228976855,450.4504560905443,23.5
804.2097659111023,1643.890954990357,451.91696231490016,23.6
806.018373966217,1651.499305908058,455.05955227202173,23.7
806.9843699932098,1655.210714038763,456.63085638791574,23.8
808.7965040206909,1662.819068182594,459.7734298327084,24.1
809.7062709331512,1666.7160402041154,461.34470619456886,24.27416079196909
810.696631193161,1670.427450621716,462.91599944894284,24.4
811.5069582462311,1674.3244349807335,464.5920492283209,24.6
812.4372591972351,1678.0358466083694,466.16333697443474,24.7
814.2768468856812,1685.829796014598,469.3058644920968,25.0
815.2069058418274,1689.7267451121156,470.8771166705467,25.1
817.016606092453,1697.335173724926,474.12443328702955,25.369440100324578
817.9465570449829,1701.232151109816,475.6956843752547,25.5
819.7781682014465,1708.840530160534,478.9429691510496,25.7
820.7187230587006,1712.5519317835829,480.6190027412173,25.8
822.5271010398865,1720.1603527987902,483.97105574414434,26.1
823.4564790725708,1724.0573454071218,485.6470675226625,26.2
825.267480134964,1731.4802082081428,488.99912371247603,26.4
826.198165178299,1735.1916134037115,490.67513985068194,26.5
828.027027130127,1742.8001361095012,494.1319583437943,26.877595337398347
828.9644560813904,1746.511609947893,495.9127584785249,27.0
830.7679970264435,1754.120106942564,499.5790978007358,27.3
831.716863155365,1758.0171025158943,501.46462874981296,27.4
833.5468220710754,1765.625576808316,505.1309408882553,27.7
834.4668490886688,1769.3370279391688,506.91171460214815,27.9
836.2680342197418,1776.9455069324736,510.57800771068116,28.3
837.2178430557251,1780.8425504896854,512.3587583692225,28.5
839.0266001224518,1788.265403615246,515.9202619361414,28.9
839.9747619628906,1791.9768186843542,517.596232946752,29.1
841.76659989357,1799.399744443661,521.2625104310778,29.6
842.7165279388428,1803.111243060419,523.1480406101668,29.8
844.5274729728699,1810.5342147629167,526.9190832699768,30.3
845.4563779830933,1814.4312499695816,528.8045731843373,30.5
847.267333984375,1822.0397734507533,532.680340987362,30.978839164083926
848.2695970535278,1825.7512904420296,534.6706272213563,31.2
850.0095381736755,1833.1743275533304,538.6511897075127,31.8
851.0039989948273,1836.7003272088232,540.7462725046346,32.1
851.8267600536346,1840.4118484764886,542.7365454577373,32.37691485908219
852.7654540538788,1844.1233260639428,544.8315729407358,32.6
853.7466282844543,1847.8348493526225,546.8218390893785,32.9
854.5864400863647,1851.546373686649,548.8121019113314,33.1
855.5163810253143,1855.0723209506186,550.9071508719019,33.4
856.5066618919373,1858.598269241258,553.0021964429304,33.7
857.3436329364777,1862.3097941606907,555.2019894628993,34.1
858.2665741443634,1866.021336070106,557.297013078529,34.4
859.268000125885,1869.5473302896685,559.4968312956726,34.8
860.0982930660248,1873.2588721575016,561.8013875331081,35.1
861.028281211853,1876.7848529856437,564.1059638561086,35.4
862.8570001125336,1884.022455568817,568.6103338475367,36.0
863.786719083786,1887.7340183791034,570.8101098469549,36.3
865.5990731716156,1894.9716566206612,575.5240053769679,37.0
866.5485799312592,1898.4976590807273,577.9333329813616,37.4
868.3562350273132,1905.3641197514467,582.8567747449725,38.2
869.2870030403137,1908.8901104572035,585.3708548765459,38.5
871.0977580547333,1915.5710614271425,590.3990806660285,39.2
872.0566000938416,1918.9115700653688,592.8084286291296,39.6
873.8487019538879,1925.5926207348791,597.8366598660559,40.4
874.7963862419128,1928.933148583045,600.3507699404232,40.8
876.6065421104431,1935.6141328197232,605.4837233235746,41.7
877.5365581512451,1938.9546048055436,607.9978030930778,42.1
879.3470511436462,1945.4500202931445,613.235522156473,43.0
880.3101170063019,1948.6049797949686,615.8543985746973,43.4
882.1192619800568,1954.729324999732,621.4064641132525,44.1
883.0465281009674,1957.8843046388447,624.1301014117171,44.47156261387101
884.8668930530548,1964.1942839659205,629.8916707398431,45.1
885.7964060306549,1967.1637220382904,632.7200951081816,45.5
887.6088571548462,1973.2881351857252,638.5864290736084,46.1
888.5367360115051,1976.4431259201986,641.5195762216532,46.4
890.368595123291,1982.567550987063,647.3858853348816,47.0
891.3387951850891,1985.722532179546,650.4237812304882,47.2
893.0871651172638,1991.6614068494534,656.2900931878637,47.77848580629771
894.0965719223022,1994.6308630022083,659.328014491025,48.0
894.9081978797913,1997.6003525998383,662.365942016278,48.3
895.8366038799286,2000.7553754252403,665.403826766084,48.5
896.8268091678619,2003.539244238068,668.441753566533,48.8
897.6783518791199,2006.5087089079643,671.4796583133934,49.08126089448172
898.5970270633698,2009.2925818415786,674.5175770805946,49.3
899.6294989585876,2012.2620670030283,677.6602445250136,49.5
900.4588670730591,2015.0459757212388,680.6981658387648,49.8
901.3485860824585,2018.0154489303993,683.7360541695723,50.1
902.3564071655273,2020.9849090932569,686.8786983004868,50.4
903.176833152771,2023.7688408007366,690.0213782155342,50.6
904.107579946518,2026.7383522689051,693.0592649092913,50.9
905.0966641902924,2029.5222884984987,696.2019367781127,51.177252382801996
905.9208090305328,2032.3062102028111,699.2398342206985,51.4
906.8663430213928,2035.0901677871489,702.4872684729984,51.7
908.6774201393127,2040.658105199157,708.8773654111972,52.1
909.6264600753784,2043.442070037231,712.1247873371362,52.4
911.4365031719208,2048.824444624407,718.6196493327207,52.8
912.3965051174164,2051.422822214362,721.8670783872635,53.0
914.1967198848724,2056.805261037299,728.4666975788516,53.3
915.1265211105347,2059.4037104325444,731.714137555185,53.5
916.937952041626,2064.786164510991,738.3137328650955,53.9
917.8764910697937,2067.570119042839,741.5611065170438,54.1
919.7264330387115,2072.95253774407,748.0558963159492,54.4
920.6179249286652,2075.5509370095406,751.3032894383873,54.6
922.4266541004181,2080.9333231679184,757.9028007486438,54.9
923.3763949871063,2083.5317987920207,761.3597320136555,55.1
925.1867442131042,2088.728721374546,768.0640440703812,55.3
926.1168699264526,2091.5127674649066,771.5209302550863,55.4
927.9312672615051,2096.709705731309,778.2252179222623,55.7
928.8770849704742,2099.3081787458946,781.5773557608715,55.8
930.6873931884766,2104.6906808647063,788.3863422323386,56.0
931.616415977478,2107.289180703422,791.8432364301636,56.176870350595664
933.4268119335175,2112.4861694392266,798.6522439795338,56.3
934.3770639896393,2114.8990765197545,801.8996231704939,56.5
936.1894299983978,2120.096094821357,808.6038511923462,56.6
937.118402004242,2122.694524723843,811.9559275344888,56.7
938.9485640525818,2127.7059294889764,818.6601408646677,56.9
939.8869400024414,2130.304419937006,822.1169857943389,57.0
941.686350107193,2135.3157930720263,828.925917362363,57.2
942.6164381504059,2137.7287625441973,832.3827982120681,57.3
944.4465758800507,2142.7402049318625,839.2964864470003,57.5
945.3965661525726,2145.3387449469387,842.7533196870027,57.57445022914334
947.1877250671387,2150.1647156133536,849.876567968169,57.7
948.1189389228821,2152.763230253598,853.3333756101068,57.8
949.9470820426941,2157.774814177429,860.4565764894769,58.0
950.8776731491089,2160.3733578343945,864.0181388820525,58.1
952.6866939067841,2165.3849591872367,871.1413149284401,58.2
953.6767151355743,2167.7979700934675,874.8076688762379,58.2
955.4274950027466,2172.80965716936,881.9308478645141,58.3
956.528657913208,2175.4082522888016,885.4923986853289,58.3
957.2566919326782,2177.821287952737,889.0539831044082,58.4
958.1667909622192,2180.419944536851,892.7203063807997,58.4
959.1767270565033,2182.833041915249,896.3866635570979,58.4
960.0074830055237,2185.431648960649,899.9481976817983,58.4
960.917601108551,2188.0302589222674,903.5097275595461,58.4
961.906699180603,2190.628871802773,907.071253190825,58.4
962.7565641403198,2193.041981482402,910.737594117451,58.4
963.6870200634003,2195.640587875775,914.4038635681471,58.4
964.6864421367645,2198.239209684968,917.9653764865786,58.32483721168238
965.4966950416565,2200.83782205335,921.6316370862368,58.3
966.4867379665375,2203.4364719732043,925.2979076739368,58.3
968.2765340805054,2208.4481616832663,932.5256946868956,58.3
969.2076900005341,2210.861223715246,936.1919775279432,58.3
970.1991188526154,2213.2742661808047,939.7534901557594,58.282678274455954
971.0093472003937,2215.8728965268087,943.419724548744,58.21659609612386
971.9379711151123,2218.4715646602194,947.0859692709948,58.2
973.7666339874268,2223.4832900431256,954.3137055074267,58.2
974.6964030265808,2225.8964049541028,957.9799780550903,58.1
976.5273449420929,2231.093710622922,965.2076480829061,58.1
977.4575839042664,2233.6923970510807,968.8738668977703,58.1
979.2669379711151,2238.7041582627944,976.1015522758341,58.0
980.1989800930023,2241.302818705946,979.767742810981,57.9
982.0269651412964,2246.3145740396612,986.890637410926,57.8
982.9572780132294,2248.9132433781097,990.5568148288297,57.8
984.7675290107727,2253.9250047549963,997.7844336358837,57.7
985.7164969444275,2256.52368304069,1001.4505978146374,57.7
987.5365462303162,2261.349899705627,1008.6782337334882,57.6
988.4666199684143,2263.763024588169,1012.3444279233167,57.6
990.3283100128174,2268.7749034510766,1019.4672788542092,57.42035932000913
991.2668240070343,2271.188108524302,1023.1334926654814,57.4
993.056633234024,2276.2000053363618,1030.2563194481872,57.3
993.9708738327026,2278.61318397746,1033.9225051513577,57.3
995.7567729949951,2283.625087879178,1041.1500557219729,57.2
996.7073621749878,2286.038250602632,1044.7114648743093,57.2
998.5270972251892,2291.235734806464,1051.938945947281,57.1
999.4563610553741,2293.6489676856672,1055.6051235110754,57.0
1001.2766239643097,2298.660846143812,1062.727843733896,57.0
1002.2067790031433,2301.0740521646576,1066.3939925665622,56.9
1004.0186240673065,2306.2715724199434,1073.621422851154,56.9
1004.9465510845184,2308.8703861903355,1077.2875302433663,56.9
1006.7771270275116,2313.882388325326,1084.619744495707,56.8
1007.7169370651245,2316.481149071472,1088.1810585907103,56.8
1009.5266540050507,2321.4931331887024,1095.513230376488,56.9
1010.4563121795654,2324.0919292250683,1099.1792950613612,56.9
1012.2778928279877,2329.1038951826667,1106.5114238011477,56.9
1013.2271060943604,2331.702663865068,1110.177458045881,56.9
1015.0268650054932,2336.714657676269,1117.4048150785397,57.0
1015.9594240188599,2339.3134353438318,1121.0708361412626,57.0
1017.7680420875549,2344.5109997093637,1128.4028648064736,57.1
1018.6992120742798,2347.109796002947,1131.964127323337,57.2
1020.526976108551,2352.307378337651,1139.296129312375,57.2
1021.458240032196,2354.9061740203997,1142.9621235771501,57.3
1023.2667531967163,2359.9181750766897,1150.294129620635,57.4
1024.2168340682983,2362.517016786488,1153.960128575196,57.4
1026.0269980430603,2367.7146352493837,1161.2920770374144,57.5
1026.9612889289856,2370.12791465134,1165.0628563573578,57.6
1028.7679181098938,2375.325625830653,1172.3948147622573,57.6
1029.7165031433105,2377.9244770412124,1176.165531047742,57.7
1031.5273501873016,2383.122292186237,1183.811748719162,57.7
1032.456372976303,2385.721190533958,1187.5824697906273,57.7
1034.2768609523773,2390.919043286587,1195.0191741044573,57.722169717857426
1035.2677290439606,2393.51798895728,1198.7899006177668,57.7
1036.996612071991,2398.901348517752,1206.2264898754765,57.7
1038.0073790550232,2401.5003040767647,1209.9972030346057,57.7
1038.836287021637,2404.099225300442,1213.7678928280209,57.7
1039.7465059757233,2406.6981205429765,1217.4338167724864,57.7
1040.7365279197693,2409.2970188737404,1221.0997363445565,57.7
1041.58695602417,2411.8959581086483,1224.7656707033402,57.62312160776369
1042.5077741146088,2414.494930032033,1228.5363619726752,57.6
1043.5164811611176,2417.0937999202133,1232.2022492065512,57.6
1044.3289940357208,2419.6927486803565,1235.8681706177517,57.6
1045.270299911499,2422.291662642985,1239.5340683819709,57.5
1046.2566039562225,2424.8906475802014,1243.304742140928,57.4
1047.0867772102356,2427.4896059089706,1246.970650661906,57.4
1048.0267419815063,2430.088537362298,1250.5317941272815,57.3
1049.8664820194244,2435.4719939104457,1257.8635167797233,57.2
1050.80668592453,2438.0709265847368,1261.529388385228,57.1
1052.6066019535065,2443.268809027501,1268.7563778430422,56.9
1053.559266090393,2445.867712590206,1272.4222165478661,56.9
1055.3765408992767,2451.0655287446316,1279.7538804977098,56.7
1056.3265290260315,2453.664479799853,1283.419725818388,56.7
1058.0973041057587,2458.8623140983236,1290.751362961784,56.6
1059.049604177475,2461.461235763323,1294.4171748031704,56.6
1060.0164711475372,2464.060160438192,1298.0829821580726,56.6
1060.8470978736877,2466.4735644202565,1301.748860805808,56.5
1061.7764999866486,2469.0725652301826,1305.5194396734246,56.5
1063.6068749427795,2474.2704747817634,1312.8510439251156,56.5
1064.5363001823425,2476.6838523533484,1316.5168851558492,56.6
1066.3462901115417,2481.881734166174,1323.9531812049897,56.7
1067.2963960170746,2484.295152729672,1327.7237689597973,56.7
1069.106833934784,2489.3074586020402,1335.0553351524443,56.9
1070.0380611419678,2491.90641670056,1338.7210936415202,56.9
1071.848256111145,2496.9187795897387,1346.0526544627244,57.1
1072.7963888645172,2499.3321843838103,1349.7184571068558,57.2
1074.6365320682526,2504.344486833208,1357.0499496436298,57.3
1075.5666360855103,2506.7579398885237,1360.7157607780987,57.32466224529604
1077.3665030002594,2511.770384731765,1367.9425538282526,57.5
1078.28684592247,2514.3694487183056,1371.6083157483642,57.6
1080.0964059829712,2519.196388903704,1378.8351640302503,57.8
1081.046965122223,2521.7953895253327,1382.3961333064053,57.8
1082.8563311100006,2526.8079831785653,1389.727678630176,58.0
1083.7866950035095,2529.4069928049275,1393.2886353023166,58.1
1085.6085069179535,2534.4194921135495,1400.5153537845458,58.3
1086.5463581085205,2537.2040729271134,1404.0762380293445,58.4
1088.3594498634338,2542.216630023273,1411.302953250946,58.5
1089.2964169979095,2544.815697260559,1414.8639066536994,58.6
1091.1178460121155,2550.013874902415,1422.0905589440406,58.6
1092.0970840454102,2552.427423113028,1425.7563184078097,58.7
1093.8365728855133,2557.6255792547845,1432.982923348578,58.8
1094.8579380512238,2560.039096711666,1436.6486481901504,58.8
1095.6562728881836,2562.6381796331716,1440.314307653251,58.9
1096.5861802101135,2565.2371907379456,1443.8751826288744,58.9
1097.58820104599,2567.8362797119535,1447.5408333525984,59.0
1098.4264059066772,2570.435406647936,1451.3112371073369,59.076299182156134
1099.3536031246185,2572.848899189085,1454.976918206767,59.1
1100.3716280460358,2575.447992161199,1458.7472903120315,59.1
1101.186730146408,2578.047093595452,1462.4129234628945,59.1
1102.1067080497742,2580.4605953011474,1466.0785917230976,59.2
1103.1168200969696,2582.8741353372834,1469.8490129061495,59.2
1103.9166889190674,2585.473286581234,1473.5146561246565,59.2
1104.8868880271912,2587.8867974922305,1477.1803117594018,59.2
1106.6862699985504,2592.7139046732495,1484.6163905850876,59.2
1107.616630077362,2595.127541876407,1488.386837057281,59.2
1109.4271380901337,2600.1402712281506,1495.8228506571436,59.2
1110.3764622211456,2602.5538367087424,1499.5932378172688,59.2
1112.1872799396515,2607.566585148402,1507.0292257390533,59.2
1113.1173121929169,2610.165722552686,1510.7995357137922,59.1
1114.9471759796143,2614.9929641962653,1518.3403186002488,59.1
1115.8762209415436,2617.592074682323,1522.0058589095756,59.1
1117.6876180171967,2622.6049435210693,1529.4418430085784,59.1
1118.6163589954376,2625.0185789092857,1533.2122155123013,59.1
1120.4477388858795,2629.845904926693,1540.6482402235151,59.1
1121.3765950202942,2632.259517157004,1544.2091127058843,59.1
1123.1875820159912,2637.2723048556963,1551.5402431782682,59.2
1124.1376719474792,2639.6859635294377,1555.2058595229396,59.2
1125.9484901428223,2644.6988113074553,1562.5369894102896,59.2
1126.8764171600342,2647.1124379502485,1566.2025692051664,59.2
1128.6871230602264,2652.125304467591,1573.5336742367754,59.2
1129.6766240596771,2654.72454442447,1577.1991992754488,59.1
1131.4291570186615,2659.551787599918,1584.4255666633173,59.1
1132.4268219470978,2661.965474497977,1588.09114679842,59.1
1133.2470171451569,2664.564605183881,1591.6518502787198,59.2
1134.1578450202942,2666.978298253346,1595.3174223083154,59.2
1135.166519165039,2669.391994487767,1598.9829903919072,59.2
1135.9965331554413,2671.805655383544,1602.5437995556574,59.3
1136.9273312091827,2674.219277348061,1606.1045797630936,59.3
1137.9166960716248,2676.6329409078935,1609.7701108842791,59.3
1138.857625246048,2679.0466075560576,1613.4356379452224,59.3
1139.7064850330353,2681.6458397089064,1617.1010920985793,59.4
1140.6876800060272,2684.059470462835,1620.7665855298505,59.4
1141.516683101654,2686.658789904849,1624.536811064418,59.4
1142.4464440345764,2689.072469002464,1628.2023215135223,59.5
1144.2780890464783,2694.0853959505366,1635.6379894516501,59.5
1145.206608057022,2696.4991237604518,1639.4082418272515,59.6
1147.020145893097,2701.512233519811,1647.053443953253,59.5
1147.9669902324677,2704.111576071226,1650.8236391798478,59.5
1149.7783551216125,2708.939143752429,1658.4688858462039,59.5
1150.7167291641235,2711.538536341624,1662.3438221589668,59.4
1152.6176600456238,2716.551769688066,1670.0937523841067,59.4
1153.466502904892,2718.965648262009,1674.178228139138,59.4
1155.2779700756073,2723.9787726969657,1682.0327806415894,59.4
1156.206866979599,2726.578184327068,1686.0124172458839,59.4
1158.026869058609,2731.5914175036714,1693.7622677432428,59.3
1158.9786131381989,2734.005236680038,1697.637209257004,59.4
1160.7667090892792,2739.0184497917735,1705.2822801098114,59.4
1161.7166259288788,2741.617927669672,1709.1571894030185,59.4
1163.5266180038452,2746.6310770858263,1716.6974541445247,59.5
1164.4883852005005,2749.0448341362417,1720.3628635056043,59.5
1166.2767901420593,2754.0580029847974,1727.903102505468,59.5
1167.2067511081696,2756.657373537567,1731.673178636318,59.5
1169.0868480205536,2761.484957763481,1739.108712670446,59.6
1170.0475568771362,2763.898818907532,1742.8788771586928,59.6
1171.7678952217102,2769.0975893381346,1750.4189901467685,59.7
1172.7071280479431,2771.697022906619,1754.18906733425,59.7
1174.556577205658,2776.7103811576976,1761.729311134269,59.7
1175.486479997635,2779.309781247972,1765.4993477845765,59.7
1177.2567009925842,2784.3230298138124,1772.9347585247306,59.8
1178.2068469524384,2786.9224833517387,1776.7048097559923,59.8
1179.1869730949402,2789.336376812353,1780.5796567331972,59.8
1180.0165960788727,2791.9357942270162,1784.2449471343402,59.9
1180.9488079547882,2794.535257772609,1788.0149853272924,59.9
1182.7789430618286,2799.5485885391136,1795.5550969343917,59.9
1183.7064390182495,2801.9624556763006,1799.325170551304,60.0
1185.5162770748138,2806.9758062512183,1806.8652565899724,60.1
1186.4672560691833,2809.5753332746226,1810.7400205017866,60.1
1188.2780590057373,2814.403185108443,1818.3849096443523,60.1
1189.2083568572998,2817.0026788148957,1822.1549088634079,60.2
1191.0182371139526,2821.830594949876,1829.9045241512433,60.2
1191.9663381576538,2824.244580387949,1833.779339789053,60.3
1193.776850938797,2829.072606097403,1841.6337097846665,60.3
1194.7265422344208,2831.672120299774,1845.613127709742,60.3
1196.5373680591583,2836.6856412750476,1853.4673348006504,60.4
1197.4767520427704,2839.099692644336,1857.4468756603842,60.4
1199.2767860889435,2844.113145667354,1865.1962758221664,60.4
1200.2268669605255,2846.7126808712164,1869.0709439547209,60.4
1202.026803970337,2851.5406820907083,1877.0298981918781,60.5
1202.9792830944061,2853.954665277652,1880.9046326829648,60.5
1204.7669310569763,2858.9682499103815,1888.7587588847682,60.42266676911801
1205.7273428440094,2861.3823338789734,1892.7382603352748,60.4
1207.5365161895752,2866.3958942972386,1900.4876093223966,60.5
1208.4668340682983,2868.8098992076416,1904.4670381567864,60.5
1210.2764959335327,2873.8234353978714,1912.2163304074381,60.5
1211.2066040039062,2876.237404806279,1916.0909955588743,60.57694264017576
1213.0166778564453,2881.2510528295625,1923.94504086929,60.6
1213.9748840332031,2883.665122943394,1927.8197529872168,60.6
1215.7765672206879,2888.493229701133,1935.6738539535545,60.6
1216.7068629264832,2890.9072650980297,1939.548523039064,60.6
1218.5362451076508,2895.9209569569734,1947.5072342005183,60.6
1219.5275740623474,2898.3350028579057,1951.381890065071,60.6
1221.2577500343323,2903.163150524245,1959.131219560747,60.5
1222.2469441890717,2905.5772523643986,1963.0058933134449,60.5
1224.022304058075,2910.405468359116,1970.859946752415,60.4
1225.0071210861206,2912.819580839115,1974.7346078721905,60.3
1225.8463690280914,2915.2336529879162,1978.7139520808187,60.3
1226.7575781345367,2917.833289340951,1982.5884892524361,60.3
1227.766331911087,2920.2473666066107,1986.4631063803486,60.2
1228.5789630413055,2922.847009864419,1990.3376344705964,60.2
1229.5170979499817,2925.2610960952115,1994.3169605710173,60.2
1230.5066740512848,2927.6751378784656,1998.1915332787983,60.2
1231.3368201255798,2930.0892289708995,2002.066132889868,60.1
1232.2677011489868,2932.503323515372,2005.9407282076909,60.1
1233.267366886139,2934.9174215087023,2009.8153192324294,60.0
1234.0989229679108,2937.3315229554446,2013.6899059643156,60.0
1235.026470899582,2939.7456278531754,2017.5644884029552,59.9
1236.856803894043,2944.759410544039,2025.313554166547,59.8
1237.7969300746918,2947.173477043446,2029.0833751704313,59.8
1239.6068840026855,2952.1872776001464,2036.7276980605138,59.7
1240.5364429950714,2954.6014030613383,2040.6022545865962,59.62351265292442
1242.3466382026672,2959.8007402121416,2048.2464322404767,59.6
1243.2966840267181,2962.4003891770776,2052.016140213713,59.5
1245.1066598892212,2967.5996969112816,2059.5555426647115,59.5
1246.0377979278564,2970.1993586995895,2063.42995270385,59.4
1247.8470249176025,2975.3987359073562,2071.074075633776,59.4
1248.7965791225433,2977.998404626248,2074.843756433321,59.3
1250.6164848804474,2983.0123829212043,2082.5927534130165,59.2
1251.546720981598,2985.61206170919,2086.362420870936,59.3
1253.356917142868,2990.8114325212414,2094.0064568802754,59.2
1254.288176059723,2993.411121166434,2097.7761107214974,59.2
1256.1250920295715,2998.4248987061437,2105.3154616187235,59.2
1257.047569990158,3001.0246477944006,2109.189849162116,59.2
1258.8579452037811,3006.0384920520464,2116.7292065661277,59.1
1259.8062620162964,3008.6381531969323,2120.498800446985,59.1
1261.606849193573,3013.837536178049,2128.1427211423565,59.0
1262.6066250801086,3016.2516444329995,2131.9123918848704,59.0
1264.3366689682007,3021.265527779971,2139.4516963219194,58.9
1265.3486778736115,3023.865255627841,2143.2212964053206,58.9
1266.1866738796234,3026.464986745537,2146.990891990189,58.9
1267.1183948516846,3028.8791585844024,2150.760574654466,58.9
1268.1071162223816,3031.4788962402126,2154.5301614033892,58.9
1268.9179410934448,3034.0785896009934,2158.2997098920655,58.9
1269.8266780376434,3036.6783337537413,2162.0692875850254,58.9
1270.836697101593,3039.278128817635,2165.838894658412,58.9
1271.6671669483185,3041.692269317091,2169.608521856079,58.9
1272.6067469120026,3044.2920232770693,2173.37808621413,58.8
1273.596433877945,3046.891832814761,2177.2523920581234,58.8
1274.4286069869995,3049.4915455983646,2181.0219132399234,58.8
1275.3562800884247,3051.90579470831,2184.7915911842783,58.8
1277.1866900920868,3057.1053369768783,2192.4353910535747,58.7
1278.118509054184,3059.519548143405,2196.205021911347,58.6
1279.937530040741,3064.7190622362905,2203.848760031,58.5
1280.87651014328,3067.133336263196,2207.723123352373,58.4
1282.6878280639648,3072.3329183704354,2215.3668684233326,58.3
1283.6173980236053,3074.9327118420933,2219.1363787326422,58.2
1285.4488530158997,3080.132362097375,2226.780131034663,58.0
1286.3776309490204,3082.546554602848,2230.549687871303,57.9
1288.1871590614319,3087.931787385155,2238.193317772647,57.8
1289.1276500225067,3090.5316060308646,2242.06751076198,57.6
1290.9382181167603,3095.7312479144,2249.7111729005373,57.4
1291.8668291568756,3098.3311251945893,2253.585387031959,57.3
1293.696536064148,3103.5307871253267,2261.229021442033,57.2
1294.6265428066254,3106.1306202041455,2264.998477157577,57.2
1296.4364960193634,3111.330399546725,2272.6421550649457,57.1
1297.3890540599823,3113.9302425635447,2276.411597281067,57.1
1299.1966841220856,3119.3155009450043,2283.9503709652954,57.0
1300.1271669864655,3121.9153537690454,2287.719799525332,57.0
1301.9564890861511,3127.300735939836,2295.363325359948,56.8
1302.8865480422974,3129.900598702066,2299.132740259644,56.8
1304.6968760490417,3135.2858474325567,2306.671422260418,56.7
1305.6265759468079,3137.8856707705113,2310.4407873032724,56.7
1307.4476900100708,3143.270988095191,2317.979477355666,56.6
1308.436142206192,3145.8708703889306,2321.74886482398,56.6
1310.1695718765259,3151.070700749063,2329.3923697312634,56.4
1311.1770288944244,3153.4850237670425,2333.05713607625,56.4
1312.056648015976,3156.2704817271047,2336.826406264443,56.3
1313.0672709941864,3158.6848111314775,2340.4911642902734,56.2
1313.9591219425201,3161.2847130275813,2344.2605251073783,56.2
1315.6670711040497,3166.669876888173,2351.589573343755,56.1
1316.6781890392303,3169.269675147454,2355.1494344535436,56.0808423848316
1317.5064511299133,3172.055095549137,2358.8139338391497,56.0
1318.416563987732,3174.6548569584747,2362.478455226128,55.9
1319.4281630516052,3177.44023364275,2366.142908268921,55.9
1320.2672309875488,3180.0400437038534,2369.702751725913,55.9
1321.1876831054688,3182.8254833834753,2373.4719381458153,55.8
1322.1771409511566,3185.425306587251,2377.136478222183,55.8
1323.0069110393524,3188.210745315182,2380.800949673685,55.8
1323.9369611740112,3190.8106318677615,2384.5702231755554,55.8
1325.038537979126,3193.5961268863903,2388.234722644901,55.7
1325.7675590515137,3196.196069904333,2392.0040243517137,55.7
1326.69837808609,3198.9815211746445,2395.6684772374324,55.6
1328.5364410877228,3204.3668704378833,2402.9974712746484,55.6
1329.467730998993,3207.1523309804516,2406.661910258201,55.5
1331.2782740592957,3212.723210972852,2413.9907364061232,55.5
1332.206706047058,3215.5086807434727,2417.6551612739604,55.5
1334.017107963562,3220.894067012875,2424.9841002125113,55.5
1334.9667010307312,3223.6794955220453,2428.6484731881146,55.5
1336.7770700454712,3229.2504548884244,2435.8725774749937,55.5
1337.706932067871,3231.8503805687333,2439.53707833051,55.4
1339.526733160019,3237.6069288478666,2446.865754339689,55.4
1340.478008031845,3240.3924771470083,2450.5301755883493,55.3
1342.266793012619,3245.9634815126424,2457.858927476504,55.3
1343.2166500091553,3248.7493021131713,2461.6282300320936,55.3
1345.0266180038452,3254.320495302713,2469.166474834323,55.2
1345.9586100578308,3257.106122396559,2472.9356094355894,55.2
1347.777338027954,3262.6772759090572,2480.369084941811,55.1
1348.7266702651978,3265.462802065659,2484.0334258630423,55.1
1350.5164930820465,3271.0340260637304,2491.4669121802913,55.1
1351.4665219783783,3273.819561665705,2495.1312390907497,55.1
1353.2771232128143,3279.390856497562,2502.5647366819717,55.0
1354.207108259201,3282.176461811987,2506.3337899659837,55.1
1356.0269260406494,3287.747458373842,2513.662323046733,55.1
1357.0070440769196,3290.533064325198,2517.3266611405866,55.1
1358.7568562030792,3296.289805684546,2524.7598771075945,55.1
1359.7574000358582,3299.260932059853,2528.4240539309885,55.0
1360.5771179199219,3302.232000688313,2531.9834859126477,55.0
1361.506618976593,3305.017466939619,2535.647681458555,55.0
1362.4975821971893,3307.988550551394,2539.311803677872,55.0
1363.3367109298706,3310.774178372977,2542.9761086302037,55.1
1364.2666430473328,3313.745381217517,2546.7450002929795,55.1
1365.246642112732,3316.5310247320767,2550.513995424202,55.1
1366.097109079361,3319.5022247820616,2554.178177493629,55.1
1367.027410030365,3322.2878747899586,2557.9471629495843,55.1
1368.8571028709412,3327.859175142291,2565.3804203042077,55.0
1369.7868280410767,3330.8303357914547,2569.0445428658154,55.0
1371.5964181423187,3336.5871656610325,2576.477621722133,55.0
1372.5467689037323,3339.3727730630662,2580.1418392444325,55.0
1374.3669810295105,3345.315069923051,2587.4699993869663,55.0
1375.2966680526733,3348.2863016551128,2591.1341326720717,55.07711102784172
1377.1067430973053,3354.043106894328,2598.4624139499815,55.1
1378.0364990234375,3356.8287328445913,2602.126602729763,55.1
1379.846704006195,3362.5855566330874,2609.454855108829,55.1
1380.7964191436768,3365.5567544708756,2613.118918395749,55.2
1382.6070349216461,3371.313543960403,2620.447100572296,55.3
1383.547737121582,3374.0990724725857,2624.006481548115,55.3
1385.356682062149,3379.6703174068907,2631.3347466184273,55.4
1386.2889740467072,3382.455907646231,2634.8941547375252,55.4
1388.1178801059723,3388.212733340276,2642.2222790203045,55.5
1389.057037115097,3390.9983960332215,2645.88641084308,55.5
1390.8566069602966,3396.56973068603,2653.214660429171,55.5
1391.7964539527893,3399.1697229154493,2656.7741122699044,55.6
1393.6116540431976,3404.741129221347,2664.102375741695,55.6
1394.5368311405182,3407.5268103692642,2667.766479668956,55.6
1396.396497964859,3413.0981819333438,2675.0946734632353,55.6
1397.3273150920868,3415.883872352496,2678.75876333042,55.7
1399.106516122818,3421.2697643851984,2686.1917803673077,55.7
1400.046469926834,3424.0554641647877,2689.8558562645767,55.7
1401.8565809726715,3429.6268192286425,2697.1839518077713,55.8
1402.7865731716156,3432.4125282344366,2700.8480135879445,55.8
1404.626477241516,3437.9839555187036,2708.176123088204,55.7
1405.5567240715027,3440.769738956642,2711.9449073129585,55.7
1407.367308139801,3446.3410769111715,2719.2729034868116,55.6
1408.2964611053467,3449.1268044627977,2722.93693696582,55.5
1410.1078441143036,3454.6982802816333,2730.369683320028,55.4
1411.1070139408112,3457.4839514583805,2733.9289665177394,55.3
1412.8467211723328,3463.055500152531,2741.3617271450066,55.2
1413.8364639282227,3465.8411803380377,2744.9209964839256,55.1
1415.5866351127625,3471.412627290927,2752.248949975718,55.0
1416.626638174057,3474.1983825708994,2755.9129411605913,55.0
1417.457099199295,3476.984086434897,2759.5768844918994,54.9
1418.337375164032,3479.955344069717,2763.1360130177623,54.87882864040539
1419.3473250865936,3482.7411084891673,2766.7999899961937,54.8
1420.16721701622,3485.526875998152,2770.4639622881805,54.7
1421.0868339538574,3488.4981425591286,2774.0230764059024,54.7
1422.0777051448822,3491.2839161608927,2777.6870392354135,54.6
1422.926470041275,3494.069571254523,2781.246218657907,54.5
1423.847976922989,3497.040913520248,2784.9100535250145,54.5
1424.8669140338898,3500.0121918769787,2788.469148323894,54.4
1425.676805973053,3502.7979227131605,2792.133048494338,54.3
1426.607820034027,3505.7692069433515,2795.692133605271,54.3
1427.6376299858093,3508.554998739489,2799.3560679323245,54.2
1428.4468040466309,3511.5262888924085,2802.915143411429,54.12484486945053
1429.35812997818,3514.4975268701764,2806.474170133816,54.1
1430.366755247116,3517.4688351893196,2810.137926533542,54.038137958437254
1431.1767399311066,3520.440078904086,2813.69694324805,54.0
1432.107246875763,3523.4114359068117,2817.2560431330667,53.9
1433.9369549751282,3529.3540482960807,2824.374140307871,53.7
1434.8664269447327,3532.1397962552583,2827.9333020431036,53.6
1436.6964831352234,3538.0823580332435,2834.946636234995,53.5
1437.6168241500854,3541.0536090739784,2838.400929114996,53.5
1439.4364428520203,3547.1818615956827,2845.4142025120473,53.4
1440.3764469623566,3550.153189511676,2848.9732150036693,53.3
1442.186471939087,3556.281360976411,2856.0910591103266,53.2
1443.1227579116821,3559.2526976010995,2859.6500568261754,53.1
1444.9624950885773,3565.3808174582728,2866.663137265572,53.0
1445.8684859275818,3568.352218642748,2870.2221651745463,53.0
1447.6962718963623,3574.4804245783753,2877.339949192789,52.9
1448.6466069221497,3577.637341202634,2880.8987947941773,52.8
1450.43701505661,3583.9511964251487,2888.1211583873455,52.6
1451.3674681186676,3586.9224335145864,2891.5753333219313,52.6
1453.1966531276703,3593.236123857193,2898.6928421398948,52.4
1454.1266150474548,3596.3929880204178,2902.146923917766,52.4
1455.9393658638,3602.521118932861,2909.1598379178604,52.3
1456.8865940570831,3605.6779348067994,2912.613859074228,52.2
1458.6968190670013,3611.991757905724,2919.6267097368773,52.2
1459.6266930103302,3615.148638589184,2923.0807613007455,52.1
1461.4363729953766,3621.6478708989025,2930.0933192476823,52.0
1462.3964760303497,3624.619197169857,2933.547480336192,52.0
1464.208400964737,3630.932939977103,2940.5601778198766,52.0
1465.1470420360565,3634.0897801147134,2944.0141528626687,51.9
1467.0592241287231,3640.217905757807,2950.922213274129,51.9
1467.8872101306915,3643.1892051426503,2954.4809843161997,51.9
1469.6977961063385,3649.3174039875826,2961.389061127313,51.9
1470.6370010375977,3652.4742601261496,2964.843005837993,51.9
1472.4470520019531,3658.602546539496,2971.855784176524,51.9
1473.377806186676,3661.5739055908616,2975.3098869182904,51.9
1475.1872689723969,3667.887828758308,2982.3225552384533,52.0
1476.2067048549652,3670.8593254266434,2985.881421103076,52.0
1477.9854521751404,3676.9876312859024,2992.789455939365,52.1
1478.9764831066132,3680.144569634359,2996.243402263394,52.1
1480.676437139511,3686.458642320449,3003.256104393594,52.2
1481.628406047821,3689.4300843419405,3006.710210810587,52.2
1483.4363930225372,3695.5584091800047,3013.513504003893,52.27331379529409
1484.4364020824432,3698.5298596018492,3016.9675964728594,52.3
1486.1765520572662,3704.843821551153,3023.770779908614,52.4
1487.1677389144897,3707.815280423999,3027.2248583361143,52.4
1488.0066702365875,3710.9722465887307,3030.6787556769227,52.4
1488.9471559524536,3714.129404854526,3034.2374728327577,52.5
1489.9571871757507,3717.286434974601,3037.6914077067445,52.5
1490.7571189403534,3720.443336553869,3041.040560359812,52.5
1491.668515920639,3723.41482439016,3044.5992971715827,52.5
1492.6876890659332,3726.5717897226245,3047.948487780659,52.5
1493.5063481330872,3729.7288310562744,3051.402403168184,52.5
1494.4390680789948,3732.885816720346,3054.856265869558,52.5
1496.2766778469086,3739.0142336654762,3061.764106647779,52.5
1497.206680059433,3742.1712275809223,3065.217954471763,52.6
1499.0179631710052,3748.4850910902246,3072.020857963627,52.5
1500.0713448524475,3751.456530487529,3075.4748217688634,52.6
1501.7764720916748,3757.584980170713,3082.3826039610894,52.6
1502.7066581249237,3760.7419904557996,3085.8364220532867,52.7
1504.5365760326385,3766.8704566374527,3092.7441749323198,52.7
1505.4879400730133,3770.027475174171,3096.197978147151,52.7
1507.2777211666107,3776.341520497369,3103.1055695518635,52.7
1508.2072529792786,3779.3129846417114,3106.5594900512274,52.7
1510.0164680480957,3785.441424480617,3113.467135601998,52.8
1511.0701141357422,3788.4128968263535,3116.921041758527,52.8
1512.7968530654907,3794.7268405100326,3123.7237970139076,52.8
1513.7066230773926,3797.6983365808483,3127.282367724122,52.9
1515.5277378559113,3803.82680883901,3134.189954294813,52.9
1516.4764051437378,3806.9839198587774,3137.643747012118,52.9
1518.2868490219116,3813.1125438020517,3144.65608081439,53.0
1519.247278213501,3816.084100704972,3148.1099928761523,53.0
1521.0374112129211,3822.212605933263,3155.017520749927,53.0
1521.9701662063599,3825.369749797076,3158.575961980073,53.0
1523.7773010730743,3831.498255456446,3165.3787825613995,53.0
1524.7071650028229,3834.6553316785294,3168.8324816906606,52.9
1526.516568183899,3840.9694321676016,3175.739815247265,52.9
1527.4665851593018,3843.9408775568245,3179.0889079275175,52.9
1529.2770099639893,3850.069475647455,3185.891720352037,52.9
1530.206689119339,3853.2265682041925,3189.345389877712,52.9
1532.018222808838,3859.355105828012,3196.0434472181687,52.8
1532.9684989452362,3862.5121296447087,3199.3923757401117,52.8
1534.7774720191956,3868.6407600619905,3206.1951311035277,52.8
1535.70650100708,3871.797731074351,3209.5439949697857,52.8
1537.5164630413055,3877.9263002784387,3216.241995733359,52.8
1538.466845035553,3881.083262390369,3219.486169491053,52.8
1540.2765500545502,3887.211786257476,3226.1840917709897,52.8
1541.2165021896362,3890.1833317205783,3229.533165134344,52.7
1543.053269147873,3896.31187119879,3236.231059379371,52.8
1544.0165729522705,3899.4689872821014,3239.579981116704,52.8
1545.7566621303558,3905.412180144208,3246.3828121749584,52.8
1546.7770600318909,3908.5693043566016,3249.731719867975,52.8
1547.576476097107,3911.7265094198906,3253.1853479693245,52.8
1548.506758928299,3914.6981546385014,3256.63910987697,52.8
1549.5074481964111,3917.8552256515122,3259.9879523145923,52.9
1550.346999168396,3921.0124391257013,3263.44156588232,52.9
1551.2666199207306,3924.1695939323545,3266.8951234467654,52.9
1552.2680931091309,3927.326813057147,3270.3487271596605,53.0
1553.0868949890137,3930.2984107142247,3273.8024141997475,53.0
1554.0272331237793,3933.4555121606736,3277.2559056758387,53.1
1555.857264995575,3939.7698465251233,3284.1629760231513,53.1
1556.7863850593567,3942.74145513471,3287.616643711758,53.2
1558.5990679264069,3949.0559024173085,3294.733081296221,53.2
1559.5469100475311,3952.2130820910847,3298.1865938729616,53.3
